"DATE","TIME_PERIOD","OBS_VALUE","OBS_STATUS","OBS_QUAL","OBS_TYPE","IDBANK","FREQ","TITLE_FR","TITLE_EN","LAST_UPDATE","UNIT_MEASURE","UNIT_MULT","REF_AREA","DECIMALS","OBS_REV"
2026-03-01,"2026-03",94.42,"A","DEF","A","010767783","M","Indice CVS-CJO de la production industrielle (base 100 en 2021) - Industrie chimique (NAF rév. 2, niveau division, poste 20)","SA-WDA industrial production index (base 100 in 2021) - Manufacture of chemicals and chemical products (NAF rev. 2, level Division, item 20)","2026-05-06","SO","0","FM","2",NA
2026-02-01,"2026-02",93.36,"A","DEF","A","010767783","M","Indice CVS-CJO de la production industrielle (base 100 en 2021) - Industrie chimique (NAF rév. 2, niveau division, poste 20)","SA-WDA industrial production index (base 100 in 2021) - Manufacture of chemicals and chemical products (NAF rev. 2, level Division, item 20)","2026-05-06","SO","0","FM","2","1"
2026-01-01,"2026-01",93.08,"A","DEF","A","010767783","M","Indice CVS-CJO de la production industrielle (base 100 en 2021) - Industrie chimique (NAF rév. 2, niveau division, poste 20)","SA-WDA industrial production index (base 100 in 2021) - Manufacture of chemicals and chemical products (NAF rev. 2, level Division, item 20)","2026-05-06","SO","0","FM","2","1"
2025-12-01,"2025-12",90.48,"A","DEF","A","010767783","M","Indice CVS-CJO de la production industrielle (base 100 en 2021) - Industrie chimique (NAF rév. 2, niveau division, poste 20)","SA-WDA industrial production index (base 100 in 2021) - Manufacture of chemicals and chemical products (NAF rev. 2, level Division, item 20)","2026-05-06","SO","0","FM","2","1"
2025-11-01,"2025-11",91.68,"A","DEF","A","010767783","M","Indice CVS-CJO de la production industrielle (base 100 en 2021) - Industrie chimique (NAF rév. 2, niveau division, poste 20)","SA-WDA industrial production index (base 100 in 2021) - Manufacture of chemicals and chemical products (NAF rev. 2, level Division, item 20)","2026-05-06","SO","0","FM","2","1"
2025-10-01,"2025-10",93.31,"A","DEF","A","010767783","M","Indice CVS-CJO de la production industrielle (base 100 en 2021) - Industrie chimique (NAF rév. 2, niveau division, poste 20)","SA-WDA industrial production index (base 100 in 2021) - Manufacture of chemicals and chemical products (NAF rev. 2, level Division, item 20)","2026-05-06","SO","0","FM","2","1"
2025-09-01,"2025-09",94.19,"A","DEF","A","010767783","M","Indice CVS-CJO de la production industrielle (base 100 en 2021) - Industrie chimique (NAF rév. 2, niveau division, poste 20)","SA-WDA industrial production index (base 100 in 2021) - Manufacture of chemicals and chemical products (NAF rev. 2, level Division, item 20)","2026-05-06","SO","0","FM","2","1"
2025-08-01,"2025-08",91.75,"A","DEF","A","010767783","M","Indice CVS-CJO de la production industrielle (base 100 en 2021) - Industrie chimique (NAF rév. 2, niveau division, poste 20)","SA-WDA industrial production index (base 100 in 2021) - Manufacture of chemicals and chemical products (NAF rev. 2, level Division, item 20)","2026-05-06","SO","0","FM","2","1"
2025-07-01,"2025-07",93.19,"A","DEF","A","010767783","M","Indice CVS-CJO de la production industrielle (base 100 en 2021) - Industrie chimique (NAF rév. 2, niveau division, poste 20)","SA-WDA industrial production index (base 100 in 2021) - Manufacture of chemicals and chemical products (NAF rev. 2, level Division, item 20)","2026-05-06","SO","0","FM","2","1"
2025-06-01,"2025-06",90.4,"A","DEF","A","010767783","M","Indice CVS-CJO de la production industrielle (base 100 en 2021) - Industrie chimique (NAF rév. 2, niveau division, poste 20)","SA-WDA industrial production index (base 100 in 2021) - Manufacture of chemicals and chemical products (NAF rev. 2, level Division, item 20)","2026-05-06","SO","0","FM","2","1"
2025-05-01,"2025-05",90.76,"A","DEF","A","010767783","M","Indice CVS-CJO de la production industrielle (base 100 en 2021) - Industrie chimique (NAF rév. 2, niveau division, poste 20)","SA-WDA industrial production index (base 100 in 2021) - Manufacture of chemicals and chemical products (NAF rev. 2, level Division, item 20)","2026-05-06","SO","0","FM","2","1"
2025-04-01,"2025-04",94.6,"A","DEF","A","010767783","M","Indice CVS-CJO de la production industrielle (base 100 en 2021) - Industrie chimique (NAF rév. 2, niveau division, poste 20)","SA-WDA industrial production index (base 100 in 2021) - Manufacture of chemicals and chemical products (NAF rev. 2, level Division, item 20)","2026-05-06","SO","0","FM","2","1"
2025-03-01,"2025-03",91.3,"A","DEF","A","010767783","M","Indice CVS-CJO de la production industrielle (base 100 en 2021) - Industrie chimique (NAF rév. 2, niveau division, poste 20)","SA-WDA industrial production index (base 100 in 2021) - Manufacture of chemicals and chemical products (NAF rev. 2, level Division, item 20)","2026-05-06","SO","0","FM","2","1"
2025-02-01,"2025-02",92.6,"A","DEF","A","010767783","M","Indice CVS-CJO de la production industrielle (base 100 en 2021) - Industrie chimique (NAF rév. 2, niveau division, poste 20)","SA-WDA industrial production index (base 100 in 2021) - Manufacture of chemicals and chemical products (NAF rev. 2, level Division, item 20)","2026-05-06","SO","0","FM","2","1"
2025-01-01,"2025-01",90.26,"A","DEF","A","010767783","M","Indice CVS-CJO de la production industrielle (base 100 en 2021) - Industrie chimique (NAF rév. 2, niveau division, poste 20)","SA-WDA industrial production index (base 100 in 2021) - Manufacture of chemicals and chemical products (NAF rev. 2, level Division, item 20)","2026-05-06","SO","0","FM","2","1"
2024-12-01,"2024-12",90.84,"A","DEF","A","010767783","M","Indice CVS-CJO de la production industrielle (base 100 en 2021) - Industrie chimique (NAF rév. 2, niveau division, poste 20)","SA-WDA industrial production index (base 100 in 2021) - Manufacture of chemicals and chemical products (NAF rev. 2, level Division, item 20)","2026-05-06","SO","0","FM","2","1"
2024-11-01,"2024-11",93.48,"A","DEF","A","010767783","M","Indice CVS-CJO de la production industrielle (base 100 en 2021) - Industrie chimique (NAF rév. 2, niveau division, poste 20)","SA-WDA industrial production index (base 100 in 2021) - Manufacture of chemicals and chemical products (NAF rev. 2, level Division, item 20)","2026-05-06","SO","0","FM","2","1"
2024-10-01,"2024-10",94.15,"A","DEF","A","010767783","M","Indice CVS-CJO de la production industrielle (base 100 en 2021) - Industrie chimique (NAF rév. 2, niveau division, poste 20)","SA-WDA industrial production index (base 100 in 2021) - Manufacture of chemicals and chemical products (NAF rev. 2, level Division, item 20)","2026-05-06","SO","0","FM","2","1"
2024-09-01,"2024-09",93.53,"A","DEF","A","010767783","M","Indice CVS-CJO de la production industrielle (base 100 en 2021) - Industrie chimique (NAF rév. 2, niveau division, poste 20)","SA-WDA industrial production index (base 100 in 2021) - Manufacture of chemicals and chemical products (NAF rev. 2, level Division, item 20)","2026-05-06","SO","0","FM","2","1"
2024-08-01,"2024-08",93.02,"A","DEF","A","010767783","M","Indice CVS-CJO de la production industrielle (base 100 en 2021) - Industrie chimique (NAF rév. 2, niveau division, poste 20)","SA-WDA industrial production index (base 100 in 2021) - Manufacture of chemicals and chemical products (NAF rev. 2, level Division, item 20)","2026-05-06","SO","0","FM","2","1"
2024-07-01,"2024-07",95.85,"A","DEF","A","010767783","M","Indice CVS-CJO de la production industrielle (base 100 en 2021) - Industrie chimique (NAF rév. 2, niveau division, poste 20)","SA-WDA industrial production index (base 100 in 2021) - Manufacture of chemicals and chemical products (NAF rev. 2, level Division, item 20)","2026-05-06","SO","0","FM","2",NA
2024-06-01,"2024-06",97.08,"A","DEF","A","010767783","M","Indice CVS-CJO de la production industrielle (base 100 en 2021) - Industrie chimique (NAF rév. 2, niveau division, poste 20)","SA-WDA industrial production index (base 100 in 2021) - Manufacture of chemicals and chemical products (NAF rev. 2, level Division, item 20)","2026-05-06","SO","0","FM","2","1"
2024-05-01,"2024-05",96.15,"A","DEF","A","010767783","M","Indice CVS-CJO de la production industrielle (base 100 en 2021) - Industrie chimique (NAF rév. 2, niveau division, poste 20)","SA-WDA industrial production index (base 100 in 2021) - Manufacture of chemicals and chemical products (NAF rev. 2, level Division, item 20)","2026-05-06","SO","0","FM","2","1"
2024-04-01,"2024-04",97.16,"A","DEF","A","010767783","M","Indice CVS-CJO de la production industrielle (base 100 en 2021) - Industrie chimique (NAF rév. 2, niveau division, poste 20)","SA-WDA industrial production index (base 100 in 2021) - Manufacture of chemicals and chemical products (NAF rev. 2, level Division, item 20)","2026-05-06","SO","0","FM","2","1"
2024-03-01,"2024-03",95.6,"A","DEF","A","010767783","M","Indice CVS-CJO de la production industrielle (base 100 en 2021) - Industrie chimique (NAF rév. 2, niveau division, poste 20)","SA-WDA industrial production index (base 100 in 2021) - Manufacture of chemicals and chemical products (NAF rev. 2, level Division, item 20)","2026-05-06","SO","0","FM","2","1"
2024-02-01,"2024-02",97.78,"A","DEF","A","010767783","M","Indice CVS-CJO de la production industrielle (base 100 en 2021) - Industrie chimique (NAF rév. 2, niveau division, poste 20)","SA-WDA industrial production index (base 100 in 2021) - Manufacture of chemicals and chemical products (NAF rev. 2, level Division, item 20)","2026-05-06","SO","0","FM","2","1"
2024-01-01,"2024-01",95.99,"A","DEF","A","010767783","M","Indice CVS-CJO de la production industrielle (base 100 en 2021) - Industrie chimique (NAF rév. 2, niveau division, poste 20)","SA-WDA industrial production index (base 100 in 2021) - Manufacture of chemicals and chemical products (NAF rev. 2, level Division, item 20)","2026-05-06","SO","0","FM","2","1"
2023-12-01,"2023-12",97.28,"A","DEF","A","010767783","M","Indice CVS-CJO de la production industrielle (base 100 en 2021) - Industrie chimique (NAF rév. 2, niveau division, poste 20)","SA-WDA industrial production index (base 100 in 2021) - Manufacture of chemicals and chemical products (NAF rev. 2, level Division, item 20)","2026-05-06","SO","0","FM","2","1"
2023-11-01,"2023-11",95.2,"A","DEF","A","010767783","M","Indice CVS-CJO de la production industrielle (base 100 en 2021) - Industrie chimique (NAF rév. 2, niveau division, poste 20)","SA-WDA industrial production index (base 100 in 2021) - Manufacture of chemicals and chemical products (NAF rev. 2, level Division, item 20)","2026-05-06","SO","0","FM","2","1"
2023-10-01,"2023-10",96.57,"A","DEF","A","010767783","M","Indice CVS-CJO de la production industrielle (base 100 en 2021) - Industrie chimique (NAF rév. 2, niveau division, poste 20)","SA-WDA industrial production index (base 100 in 2021) - Manufacture of chemicals and chemical products (NAF rev. 2, level Division, item 20)","2026-05-06","SO","0","FM","2","1"
2023-09-01,"2023-09",96.01,"A","DEF","A","010767783","M","Indice CVS-CJO de la production industrielle (base 100 en 2021) - Industrie chimique (NAF rév. 2, niveau division, poste 20)","SA-WDA industrial production index (base 100 in 2021) - Manufacture of chemicals and chemical products (NAF rev. 2, level Division, item 20)","2026-05-06","SO","0","FM","2","1"
2023-08-01,"2023-08",94.68,"A","DEF","A","010767783","M","Indice CVS-CJO de la production industrielle (base 100 en 2021) - Industrie chimique (NAF rév. 2, niveau division, poste 20)","SA-WDA industrial production index (base 100 in 2021) - Manufacture of chemicals and chemical products (NAF rev. 2, level Division, item 20)","2026-05-06","SO","0","FM","2","1"
2023-07-01,"2023-07",92.15,"A","DEF","A","010767783","M","Indice CVS-CJO de la production industrielle (base 100 en 2021) - Industrie chimique (NAF rév. 2, niveau division, poste 20)","SA-WDA industrial production index (base 100 in 2021) - Manufacture of chemicals and chemical products (NAF rev. 2, level Division, item 20)","2026-05-06","SO","0","FM","2","1"
2023-06-01,"2023-06",93.71,"A","DEF","A","010767783","M","Indice CVS-CJO de la production industrielle (base 100 en 2021) - Industrie chimique (NAF rév. 2, niveau division, poste 20)","SA-WDA industrial production index (base 100 in 2021) - Manufacture of chemicals and chemical products (NAF rev. 2, level Division, item 20)","2026-05-06","SO","0","FM","2","1"
2023-05-01,"2023-05",97.58,"A","DEF","A","010767783","M","Indice CVS-CJO de la production industrielle (base 100 en 2021) - Industrie chimique (NAF rév. 2, niveau division, poste 20)","SA-WDA industrial production index (base 100 in 2021) - Manufacture of chemicals and chemical products (NAF rev. 2, level Division, item 20)","2026-05-06","SO","0","FM","2","1"
2023-04-01,"2023-04",91.6,"A","DEF","A","010767783","M","Indice CVS-CJO de la production industrielle (base 100 en 2021) - Industrie chimique (NAF rév. 2, niveau division, poste 20)","SA-WDA industrial production index (base 100 in 2021) - Manufacture of chemicals and chemical products (NAF rev. 2, level Division, item 20)","2026-05-06","SO","0","FM","2","1"
2023-03-01,"2023-03",89.67,"A","DEF","A","010767783","M","Indice CVS-CJO de la production industrielle (base 100 en 2021) - Industrie chimique (NAF rév. 2, niveau division, poste 20)","SA-WDA industrial production index (base 100 in 2021) - Manufacture of chemicals and chemical products (NAF rev. 2, level Division, item 20)","2026-05-06","SO","0","FM","2","1"
2023-02-01,"2023-02",93.21,"A","DEF","A","010767783","M","Indice CVS-CJO de la production industrielle (base 100 en 2021) - Industrie chimique (NAF rév. 2, niveau division, poste 20)","SA-WDA industrial production index (base 100 in 2021) - Manufacture of chemicals and chemical products (NAF rev. 2, level Division, item 20)","2026-05-06","SO","0","FM","2","1"
2023-01-01,"2023-01",91.37,"A","DEF","A","010767783","M","Indice CVS-CJO de la production industrielle (base 100 en 2021) - Industrie chimique (NAF rév. 2, niveau division, poste 20)","SA-WDA industrial production index (base 100 in 2021) - Manufacture of chemicals and chemical products (NAF rev. 2, level Division, item 20)","2026-05-06","SO","0","FM","2","1"
2022-12-01,"2022-12",96.23,"A","DEF","A","010767783","M","Indice CVS-CJO de la production industrielle (base 100 en 2021) - Industrie chimique (NAF rév. 2, niveau division, poste 20)","SA-WDA industrial production index (base 100 in 2021) - Manufacture of chemicals and chemical products (NAF rev. 2, level Division, item 20)","2026-05-06","SO","0","FM","2","1"
2022-11-01,"2022-11",93.27,"A","DEF","A","010767783","M","Indice CVS-CJO de la production industrielle (base 100 en 2021) - Industrie chimique (NAF rév. 2, niveau division, poste 20)","SA-WDA industrial production index (base 100 in 2021) - Manufacture of chemicals and chemical products (NAF rev. 2, level Division, item 20)","2026-05-06","SO","0","FM","2","1"
2022-10-01,"2022-10",92.59,"A","DEF","A","010767783","M","Indice CVS-CJO de la production industrielle (base 100 en 2021) - Industrie chimique (NAF rév. 2, niveau division, poste 20)","SA-WDA industrial production index (base 100 in 2021) - Manufacture of chemicals and chemical products (NAF rev. 2, level Division, item 20)","2026-05-06","SO","0","FM","2","1"
2022-09-01,"2022-09",96.53,"A","DEF","A","010767783","M","Indice CVS-CJO de la production industrielle (base 100 en 2021) - Industrie chimique (NAF rév. 2, niveau division, poste 20)","SA-WDA industrial production index (base 100 in 2021) - Manufacture of chemicals and chemical products (NAF rev. 2, level Division, item 20)","2026-05-06","SO","0","FM","2","1"
2022-08-01,"2022-08",99.53,"A","DEF","A","010767783","M","Indice CVS-CJO de la production industrielle (base 100 en 2021) - Industrie chimique (NAF rév. 2, niveau division, poste 20)","SA-WDA industrial production index (base 100 in 2021) - Manufacture of chemicals and chemical products (NAF rev. 2, level Division, item 20)","2026-05-06","SO","0","FM","2","1"
2022-07-01,"2022-07",95.01,"A","DEF","A","010767783","M","Indice CVS-CJO de la production industrielle (base 100 en 2021) - Industrie chimique (NAF rév. 2, niveau division, poste 20)","SA-WDA industrial production index (base 100 in 2021) - Manufacture of chemicals and chemical products (NAF rev. 2, level Division, item 20)","2026-05-06","SO","0","FM","2","1"
2022-06-01,"2022-06",94.37,"A","DEF","A","010767783","M","Indice CVS-CJO de la production industrielle (base 100 en 2021) - Industrie chimique (NAF rév. 2, niveau division, poste 20)","SA-WDA industrial production index (base 100 in 2021) - Manufacture of chemicals and chemical products (NAF rev. 2, level Division, item 20)","2026-05-06","SO","0","FM","2","1"
2022-05-01,"2022-05",97.03,"A","DEF","A","010767783","M","Indice CVS-CJO de la production industrielle (base 100 en 2021) - Industrie chimique (NAF rév. 2, niveau division, poste 20)","SA-WDA industrial production index (base 100 in 2021) - Manufacture of chemicals and chemical products (NAF rev. 2, level Division, item 20)","2026-05-06","SO","0","FM","2","1"
2022-04-01,"2022-04",94.97,"A","DEF","A","010767783","M","Indice CVS-CJO de la production industrielle (base 100 en 2021) - Industrie chimique (NAF rév. 2, niveau division, poste 20)","SA-WDA industrial production index (base 100 in 2021) - Manufacture of chemicals and chemical products (NAF rev. 2, level Division, item 20)","2026-05-06","SO","0","FM","2","1"
2022-03-01,"2022-03",100.15,"A","DEF","A","010767783","M","Indice CVS-CJO de la production industrielle (base 100 en 2021) - Industrie chimique (NAF rév. 2, niveau division, poste 20)","SA-WDA industrial production index (base 100 in 2021) - Manufacture of chemicals and chemical products (NAF rev. 2, level Division, item 20)","2026-05-06","SO","0","FM","2","1"
2022-02-01,"2022-02",98.12,"A","DEF","A","010767783","M","Indice CVS-CJO de la production industrielle (base 100 en 2021) - Industrie chimique (NAF rév. 2, niveau division, poste 20)","SA-WDA industrial production index (base 100 in 2021) - Manufacture of chemicals and chemical products (NAF rev. 2, level Division, item 20)","2026-05-06","SO","0","FM","2","1"
2022-01-01,"2022-01",101.81,"A","DEF","A","010767783","M","Indice CVS-CJO de la production industrielle (base 100 en 2021) - Industrie chimique (NAF rév. 2, niveau division, poste 20)","SA-WDA industrial production index (base 100 in 2021) - Manufacture of chemicals and chemical products (NAF rev. 2, level Division, item 20)","2026-05-06","SO","0","FM","2","1"
2021-12-01,"2021-12",102.9,"A","DEF","A","010767783","M","Indice CVS-CJO de la production industrielle (base 100 en 2021) - Industrie chimique (NAF rév. 2, niveau division, poste 20)","SA-WDA industrial production index (base 100 in 2021) - Manufacture of chemicals and chemical products (NAF rev. 2, level Division, item 20)","2026-05-06","SO","0","FM","2","1"
2021-11-01,"2021-11",101.53,"A","DEF","A","010767783","M","Indice CVS-CJO de la production industrielle (base 100 en 2021) - Industrie chimique (NAF rév. 2, niveau division, poste 20)","SA-WDA industrial production index (base 100 in 2021) - Manufacture of chemicals and chemical products (NAF rev. 2, level Division, item 20)","2026-05-06","SO","0","FM","2","1"
2021-10-01,"2021-10",99.42,"A","DEF","A","010767783","M","Indice CVS-CJO de la production industrielle (base 100 en 2021) - Industrie chimique (NAF rév. 2, niveau division, poste 20)","SA-WDA industrial production index (base 100 in 2021) - Manufacture of chemicals and chemical products (NAF rev. 2, level Division, item 20)","2026-05-06","SO","0","FM","2","1"
2021-09-01,"2021-09",98.67,"A","DEF","A","010767783","M","Indice CVS-CJO de la production industrielle (base 100 en 2021) - Industrie chimique (NAF rév. 2, niveau division, poste 20)","SA-WDA industrial production index (base 100 in 2021) - Manufacture of chemicals and chemical products (NAF rev. 2, level Division, item 20)","2026-05-06","SO","0","FM","2","1"
2021-08-01,"2021-08",98.79,"A","DEF","A","010767783","M","Indice CVS-CJO de la production industrielle (base 100 en 2021) - Industrie chimique (NAF rév. 2, niveau division, poste 20)","SA-WDA industrial production index (base 100 in 2021) - Manufacture of chemicals and chemical products (NAF rev. 2, level Division, item 20)","2026-05-06","SO","0","FM","2","1"
2021-07-01,"2021-07",100.6,"A","DEF","A","010767783","M","Indice CVS-CJO de la production industrielle (base 100 en 2021) - Industrie chimique (NAF rév. 2, niveau division, poste 20)","SA-WDA industrial production index (base 100 in 2021) - Manufacture of chemicals and chemical products (NAF rev. 2, level Division, item 20)","2026-05-06","SO","0","FM","2","1"
2021-06-01,"2021-06",101.71,"A","DEF","A","010767783","M","Indice CVS-CJO de la production industrielle (base 100 en 2021) - Industrie chimique (NAF rév. 2, niveau division, poste 20)","SA-WDA industrial production index (base 100 in 2021) - Manufacture of chemicals and chemical products (NAF rev. 2, level Division, item 20)","2026-05-06","SO","0","FM","2","1"
2021-05-01,"2021-05",97.99,"A","DEF","A","010767783","M","Indice CVS-CJO de la production industrielle (base 100 en 2021) - Industrie chimique (NAF rév. 2, niveau division, poste 20)","SA-WDA industrial production index (base 100 in 2021) - Manufacture of chemicals and chemical products (NAF rev. 2, level Division, item 20)","2026-05-06","SO","0","FM","2","1"
2021-04-01,"2021-04",97.8,"A","DEF","A","010767783","M","Indice CVS-CJO de la production industrielle (base 100 en 2021) - Industrie chimique (NAF rév. 2, niveau division, poste 20)","SA-WDA industrial production index (base 100 in 2021) - Manufacture of chemicals and chemical products (NAF rev. 2, level Division, item 20)","2026-05-06","SO","0","FM","2","1"
2021-03-01,"2021-03",99.63,"A","DEF","A","010767783","M","Indice CVS-CJO de la production industrielle (base 100 en 2021) - Industrie chimique (NAF rév. 2, niveau division, poste 20)","SA-WDA industrial production index (base 100 in 2021) - Manufacture of chemicals and chemical products (NAF rev. 2, level Division, item 20)","2026-05-06","SO","0","FM","2","1"
2021-02-01,"2021-02",99.7,"A","DEF","A","010767783","M","Indice CVS-CJO de la production industrielle (base 100 en 2021) - Industrie chimique (NAF rév. 2, niveau division, poste 20)","SA-WDA industrial production index (base 100 in 2021) - Manufacture of chemicals and chemical products (NAF rev. 2, level Division, item 20)","2026-05-06","SO","0","FM","2","1"
2021-01-01,"2021-01",101.26,"A","DEF","A","010767783","M","Indice CVS-CJO de la production industrielle (base 100 en 2021) - Industrie chimique (NAF rév. 2, niveau division, poste 20)","SA-WDA industrial production index (base 100 in 2021) - Manufacture of chemicals and chemical products (NAF rev. 2, level Division, item 20)","2026-05-06","SO","0","FM","2","1"
2020-12-01,"2020-12",102.45,"A","DEF","A","010767783","M","Indice CVS-CJO de la production industrielle (base 100 en 2021) - Industrie chimique (NAF rév. 2, niveau division, poste 20)","SA-WDA industrial production index (base 100 in 2021) - Manufacture of chemicals and chemical products (NAF rev. 2, level Division, item 20)","2026-05-06","SO","0","FM","2","1"
2020-11-01,"2020-11",104.12,"A","DEF","A","010767783","M","Indice CVS-CJO de la production industrielle (base 100 en 2021) - Industrie chimique (NAF rév. 2, niveau division, poste 20)","SA-WDA industrial production index (base 100 in 2021) - Manufacture of chemicals and chemical products (NAF rev. 2, level Division, item 20)","2026-05-06","SO","0","FM","2",NA
2020-10-01,"2020-10",103.22,"A","DEF","A","010767783","M","Indice CVS-CJO de la production industrielle (base 100 en 2021) - Industrie chimique (NAF rév. 2, niveau division, poste 20)","SA-WDA industrial production index (base 100 in 2021) - Manufacture of chemicals and chemical products (NAF rev. 2, level Division, item 20)","2026-05-06","SO","0","FM","2","1"
2020-09-01,"2020-09",96.72,"A","DEF","A","010767783","M","Indice CVS-CJO de la production industrielle (base 100 en 2021) - Industrie chimique (NAF rév. 2, niveau division, poste 20)","SA-WDA industrial production index (base 100 in 2021) - Manufacture of chemicals and chemical products (NAF rev. 2, level Division, item 20)","2026-05-06","SO","0","FM","2","1"
2020-08-01,"2020-08",91.89,"A","DEF","A","010767783","M","Indice CVS-CJO de la production industrielle (base 100 en 2021) - Industrie chimique (NAF rév. 2, niveau division, poste 20)","SA-WDA industrial production index (base 100 in 2021) - Manufacture of chemicals and chemical products (NAF rev. 2, level Division, item 20)","2026-05-06","SO","0","FM","2","1"
2020-07-01,"2020-07",91.02,"A","DEF","A","010767783","M","Indice CVS-CJO de la production industrielle (base 100 en 2021) - Industrie chimique (NAF rév. 2, niveau division, poste 20)","SA-WDA industrial production index (base 100 in 2021) - Manufacture of chemicals and chemical products (NAF rev. 2, level Division, item 20)","2026-05-06","SO","0","FM","2","1"
2020-06-01,"2020-06",91.02,"A","DEF","A","010767783","M","Indice CVS-CJO de la production industrielle (base 100 en 2021) - Industrie chimique (NAF rév. 2, niveau division, poste 20)","SA-WDA industrial production index (base 100 in 2021) - Manufacture of chemicals and chemical products (NAF rev. 2, level Division, item 20)","2026-05-06","SO","0","FM","2","1"
2020-05-01,"2020-05",88.11,"A","DEF","A","010767783","M","Indice CVS-CJO de la production industrielle (base 100 en 2021) - Industrie chimique (NAF rév. 2, niveau division, poste 20)","SA-WDA industrial production index (base 100 in 2021) - Manufacture of chemicals and chemical products (NAF rev. 2, level Division, item 20)","2026-05-06","SO","0","FM","2","1"
2020-04-01,"2020-04",78.1,"A","DEF","A","010767783","M","Indice CVS-CJO de la production industrielle (base 100 en 2021) - Industrie chimique (NAF rév. 2, niveau division, poste 20)","SA-WDA industrial production index (base 100 in 2021) - Manufacture of chemicals and chemical products (NAF rev. 2, level Division, item 20)","2026-05-06","SO","0","FM","2","1"
2020-03-01,"2020-03",89.02,"A","DEF","A","010767783","M","Indice CVS-CJO de la production industrielle (base 100 en 2021) - Industrie chimique (NAF rév. 2, niveau division, poste 20)","SA-WDA industrial production index (base 100 in 2021) - Manufacture of chemicals and chemical products (NAF rev. 2, level Division, item 20)","2026-05-06","SO","0","FM","2","1"
2020-02-01,"2020-02",105.58,"A","DEF","A","010767783","M","Indice CVS-CJO de la production industrielle (base 100 en 2021) - Industrie chimique (NAF rév. 2, niveau division, poste 20)","SA-WDA industrial production index (base 100 in 2021) - Manufacture of chemicals and chemical products (NAF rev. 2, level Division, item 20)","2026-05-06","SO","0","FM","2",NA
2020-01-01,"2020-01",100.81,"A","DEF","A","010767783","M","Indice CVS-CJO de la production industrielle (base 100 en 2021) - Industrie chimique (NAF rév. 2, niveau division, poste 20)","SA-WDA industrial production index (base 100 in 2021) - Manufacture of chemicals and chemical products (NAF rev. 2, level Division, item 20)","2026-05-06","SO","0","FM","2","1"
2019-12-01,"2019-12",97.94,"A","DEF","A","010767783","M","Indice CVS-CJO de la production industrielle (base 100 en 2021) - Industrie chimique (NAF rév. 2, niveau division, poste 20)","SA-WDA industrial production index (base 100 in 2021) - Manufacture of chemicals and chemical products (NAF rev. 2, level Division, item 20)","2026-05-06","SO","0","FM","2","1"
2019-11-01,"2019-11",102.41,"A","DEF","A","010767783","M","Indice CVS-CJO de la production industrielle (base 100 en 2021) - Industrie chimique (NAF rév. 2, niveau division, poste 20)","SA-WDA industrial production index (base 100 in 2021) - Manufacture of chemicals and chemical products (NAF rev. 2, level Division, item 20)","2026-05-06","SO","0","FM","2",NA
2019-10-01,"2019-10",104.52,"A","DEF","A","010767783","M","Indice CVS-CJO de la production industrielle (base 100 en 2021) - Industrie chimique (NAF rév. 2, niveau division, poste 20)","SA-WDA industrial production index (base 100 in 2021) - Manufacture of chemicals and chemical products (NAF rev. 2, level Division, item 20)","2026-05-06","SO","0","FM","2","1"
2019-09-01,"2019-09",107.44,"A","DEF","A","010767783","M","Indice CVS-CJO de la production industrielle (base 100 en 2021) - Industrie chimique (NAF rév. 2, niveau division, poste 20)","SA-WDA industrial production index (base 100 in 2021) - Manufacture of chemicals and chemical products (NAF rev. 2, level Division, item 20)","2026-05-06","SO","0","FM","2","1"
2019-08-01,"2019-08",102.89,"A","DEF","A","010767783","M","Indice CVS-CJO de la production industrielle (base 100 en 2021) - Industrie chimique (NAF rév. 2, niveau division, poste 20)","SA-WDA industrial production index (base 100 in 2021) - Manufacture of chemicals and chemical products (NAF rev. 2, level Division, item 20)","2026-05-06","SO","0","FM","2","1"
2019-07-01,"2019-07",103.46,"A","DEF","A","010767783","M","Indice CVS-CJO de la production industrielle (base 100 en 2021) - Industrie chimique (NAF rév. 2, niveau division, poste 20)","SA-WDA industrial production index (base 100 in 2021) - Manufacture of chemicals and chemical products (NAF rev. 2, level Division, item 20)","2026-05-06","SO","0","FM","2","1"
2019-06-01,"2019-06",104.83,"A","DEF","A","010767783","M","Indice CVS-CJO de la production industrielle (base 100 en 2021) - Industrie chimique (NAF rév. 2, niveau division, poste 20)","SA-WDA industrial production index (base 100 in 2021) - Manufacture of chemicals and chemical products (NAF rev. 2, level Division, item 20)","2026-05-06","SO","0","FM","2",NA
2019-05-01,"2019-05",105.56,"A","DEF","A","010767783","M","Indice CVS-CJO de la production industrielle (base 100 en 2021) - Industrie chimique (NAF rév. 2, niveau division, poste 20)","SA-WDA industrial production index (base 100 in 2021) - Manufacture of chemicals and chemical products (NAF rev. 2, level Division, item 20)","2026-05-06","SO","0","FM","2","1"
2019-04-01,"2019-04",103.5,"A","DEF","A","010767783","M","Indice CVS-CJO de la production industrielle (base 100 en 2021) - Industrie chimique (NAF rév. 2, niveau division, poste 20)","SA-WDA industrial production index (base 100 in 2021) - Manufacture of chemicals and chemical products (NAF rev. 2, level Division, item 20)","2026-05-06","SO","0","FM","2",NA
2019-03-01,"2019-03",102.7,"A","DEF","A","010767783","M","Indice CVS-CJO de la production industrielle (base 100 en 2021) - Industrie chimique (NAF rév. 2, niveau division, poste 20)","SA-WDA industrial production index (base 100 in 2021) - Manufacture of chemicals and chemical products (NAF rev. 2, level Division, item 20)","2026-05-06","SO","0","FM","2","1"
2019-02-01,"2019-02",107.16,"A","DEF","A","010767783","M","Indice CVS-CJO de la production industrielle (base 100 en 2021) - Industrie chimique (NAF rév. 2, niveau division, poste 20)","SA-WDA industrial production index (base 100 in 2021) - Manufacture of chemicals and chemical products (NAF rev. 2, level Division, item 20)","2026-05-06","SO","0","FM","2","1"
2019-01-01,"2019-01",107.01,"A","DEF","A","010767783","M","Indice CVS-CJO de la production industrielle (base 100 en 2021) - Industrie chimique (NAF rév. 2, niveau division, poste 20)","SA-WDA industrial production index (base 100 in 2021) - Manufacture of chemicals and chemical products (NAF rev. 2, level Division, item 20)","2026-05-06","SO","0","FM","2",NA
2018-12-01,"2018-12",106.43,"A","DEF","A","010767783","M","Indice CVS-CJO de la production industrielle (base 100 en 2021) - Industrie chimique (NAF rév. 2, niveau division, poste 20)","SA-WDA industrial production index (base 100 in 2021) - Manufacture of chemicals and chemical products (NAF rev. 2, level Division, item 20)","2026-05-06","SO","0","FM","2","1"
2018-11-01,"2018-11",100.22,"A","DEF","A","010767783","M","Indice CVS-CJO de la production industrielle (base 100 en 2021) - Industrie chimique (NAF rév. 2, niveau division, poste 20)","SA-WDA industrial production index (base 100 in 2021) - Manufacture of chemicals and chemical products (NAF rev. 2, level Division, item 20)","2026-05-06","SO","0","FM","2",NA
2018-10-01,"2018-10",105.74,"A","DEF","A","010767783","M","Indice CVS-CJO de la production industrielle (base 100 en 2021) - Industrie chimique (NAF rév. 2, niveau division, poste 20)","SA-WDA industrial production index (base 100 in 2021) - Manufacture of chemicals and chemical products (NAF rev. 2, level Division, item 20)","2026-05-06","SO","0","FM","2","1"
2018-09-01,"2018-09",103.23,"A","DEF","A","010767783","M","Indice CVS-CJO de la production industrielle (base 100 en 2021) - Industrie chimique (NAF rév. 2, niveau division, poste 20)","SA-WDA industrial production index (base 100 in 2021) - Manufacture of chemicals and chemical products (NAF rev. 2, level Division, item 20)","2026-05-06","SO","0","FM","2",NA
2018-08-01,"2018-08",105.63,"A","DEF","A","010767783","M","Indice CVS-CJO de la production industrielle (base 100 en 2021) - Industrie chimique (NAF rév. 2, niveau division, poste 20)","SA-WDA industrial production index (base 100 in 2021) - Manufacture of chemicals and chemical products (NAF rev. 2, level Division, item 20)","2026-05-06","SO","0","FM","2",NA
2018-07-01,"2018-07",99.2,"A","DEF","A","010767783","M","Indice CVS-CJO de la production industrielle (base 100 en 2021) - Industrie chimique (NAF rév. 2, niveau division, poste 20)","SA-WDA industrial production index (base 100 in 2021) - Manufacture of chemicals and chemical products (NAF rev. 2, level Division, item 20)","2026-05-06","SO","0","FM","2","1"
2018-06-01,"2018-06",104.43,"A","DEF","A","010767783","M","Indice CVS-CJO de la production industrielle (base 100 en 2021) - Industrie chimique (NAF rév. 2, niveau division, poste 20)","SA-WDA industrial production index (base 100 in 2021) - Manufacture of chemicals and chemical products (NAF rev. 2, level Division, item 20)","2026-05-06","SO","0","FM","2",NA
2018-05-01,"2018-05",105.19,"A","DEF","A","010767783","M","Indice CVS-CJO de la production industrielle (base 100 en 2021) - Industrie chimique (NAF rév. 2, niveau division, poste 20)","SA-WDA industrial production index (base 100 in 2021) - Manufacture of chemicals and chemical products (NAF rev. 2, level Division, item 20)","2026-05-06","SO","0","FM","2","1"
2018-04-01,"2018-04",105.6,"A","DEF","A","010767783","M","Indice CVS-CJO de la production industrielle (base 100 en 2021) - Industrie chimique (NAF rév. 2, niveau division, poste 20)","SA-WDA industrial production index (base 100 in 2021) - Manufacture of chemicals and chemical products (NAF rev. 2, level Division, item 20)","2026-05-06","SO","0","FM","2",NA
2018-03-01,"2018-03",102.59,"A","DEF","A","010767783","M","Indice CVS-CJO de la production industrielle (base 100 en 2021) - Industrie chimique (NAF rév. 2, niveau division, poste 20)","SA-WDA industrial production index (base 100 in 2021) - Manufacture of chemicals and chemical products (NAF rev. 2, level Division, item 20)","2026-05-06","SO","0","FM","2","1"
2018-02-01,"2018-02",102.37,"A","DEF","A","010767783","M","Indice CVS-CJO de la production industrielle (base 100 en 2021) - Industrie chimique (NAF rév. 2, niveau division, poste 20)","SA-WDA industrial production index (base 100 in 2021) - Manufacture of chemicals and chemical products (NAF rev. 2, level Division, item 20)","2026-05-06","SO","0","FM","2","1"
2018-01-01,"2018-01",104.43,"A","DEF","A","010767783","M","Indice CVS-CJO de la production industrielle (base 100 en 2021) - Industrie chimique (NAF rév. 2, niveau division, poste 20)","SA-WDA industrial production index (base 100 in 2021) - Manufacture of chemicals and chemical products (NAF rev. 2, level Division, item 20)","2026-05-06","SO","0","FM","2",NA
2017-12-01,"2017-12",106.75,"A","DEF","A","010767783","M","Indice CVS-CJO de la production industrielle (base 100 en 2021) - Industrie chimique (NAF rév. 2, niveau division, poste 20)","SA-WDA industrial production index (base 100 in 2021) - Manufacture of chemicals and chemical products (NAF rev. 2, level Division, item 20)","2026-05-06","SO","0","FM","2",NA
2017-11-01,"2017-11",106.44,"A","DEF","A","010767783","M","Indice CVS-CJO de la production industrielle (base 100 en 2021) - Industrie chimique (NAF rév. 2, niveau division, poste 20)","SA-WDA industrial production index (base 100 in 2021) - Manufacture of chemicals and chemical products (NAF rev. 2, level Division, item 20)","2026-05-06","SO","0","FM","2","1"
2017-10-01,"2017-10",108.3,"A","DEF","A","010767783","M","Indice CVS-CJO de la production industrielle (base 100 en 2021) - Industrie chimique (NAF rév. 2, niveau division, poste 20)","SA-WDA industrial production index (base 100 in 2021) - Manufacture of chemicals and chemical products (NAF rev. 2, level Division, item 20)","2026-05-06","SO","0","FM","2","1"
2017-09-01,"2017-09",105.41,"A","DEF","A","010767783","M","Indice CVS-CJO de la production industrielle (base 100 en 2021) - Industrie chimique (NAF rév. 2, niveau division, poste 20)","SA-WDA industrial production index (base 100 in 2021) - Manufacture of chemicals and chemical products (NAF rev. 2, level Division, item 20)","2026-05-06","SO","0","FM","2",NA
2017-08-01,"2017-08",105.58,"A","DEF","A","010767783","M","Indice CVS-CJO de la production industrielle (base 100 en 2021) - Industrie chimique (NAF rév. 2, niveau division, poste 20)","SA-WDA industrial production index (base 100 in 2021) - Manufacture of chemicals and chemical products (NAF rev. 2, level Division, item 20)","2026-05-06","SO","0","FM","2","1"
2017-07-01,"2017-07",105.92,"A","DEF","A","010767783","M","Indice CVS-CJO de la production industrielle (base 100 en 2021) - Industrie chimique (NAF rév. 2, niveau division, poste 20)","SA-WDA industrial production index (base 100 in 2021) - Manufacture of chemicals and chemical products (NAF rev. 2, level Division, item 20)","2026-05-06","SO","0","FM","2","1"
2017-06-01,"2017-06",105.41,"A","DEF","A","010767783","M","Indice CVS-CJO de la production industrielle (base 100 en 2021) - Industrie chimique (NAF rév. 2, niveau division, poste 20)","SA-WDA industrial production index (base 100 in 2021) - Manufacture of chemicals and chemical products (NAF rev. 2, level Division, item 20)","2026-05-06","SO","0","FM","2",NA
2017-05-01,"2017-05",106.11,"A","DEF","A","010767783","M","Indice CVS-CJO de la production industrielle (base 100 en 2021) - Industrie chimique (NAF rév. 2, niveau division, poste 20)","SA-WDA industrial production index (base 100 in 2021) - Manufacture of chemicals and chemical products (NAF rev. 2, level Division, item 20)","2026-05-06","SO","0","FM","2","1"
2017-04-01,"2017-04",103.63,"A","DEF","A","010767783","M","Indice CVS-CJO de la production industrielle (base 100 en 2021) - Industrie chimique (NAF rév. 2, niveau division, poste 20)","SA-WDA industrial production index (base 100 in 2021) - Manufacture of chemicals and chemical products (NAF rev. 2, level Division, item 20)","2026-05-06","SO","0","FM","2",NA
2017-03-01,"2017-03",105.62,"A","DEF","A","010767783","M","Indice CVS-CJO de la production industrielle (base 100 en 2021) - Industrie chimique (NAF rév. 2, niveau division, poste 20)","SA-WDA industrial production index (base 100 in 2021) - Manufacture of chemicals and chemical products (NAF rev. 2, level Division, item 20)","2026-05-06","SO","0","FM","2",NA
2017-02-01,"2017-02",100.89,"A","DEF","A","010767783","M","Indice CVS-CJO de la production industrielle (base 100 en 2021) - Industrie chimique (NAF rév. 2, niveau division, poste 20)","SA-WDA industrial production index (base 100 in 2021) - Manufacture of chemicals and chemical products (NAF rev. 2, level Division, item 20)","2026-05-06","SO","0","FM","2","1"
2017-01-01,"2017-01",102.76,"A","DEF","A","010767783","M","Indice CVS-CJO de la production industrielle (base 100 en 2021) - Industrie chimique (NAF rév. 2, niveau division, poste 20)","SA-WDA industrial production index (base 100 in 2021) - Manufacture of chemicals and chemical products (NAF rev. 2, level Division, item 20)","2026-05-06","SO","0","FM","2",NA
2016-12-01,"2016-12",103.95,"A","DEF","A","010767783","M","Indice CVS-CJO de la production industrielle (base 100 en 2021) - Industrie chimique (NAF rév. 2, niveau division, poste 20)","SA-WDA industrial production index (base 100 in 2021) - Manufacture of chemicals and chemical products (NAF rev. 2, level Division, item 20)","2026-05-06","SO","0","FM","2",NA
2016-11-01,"2016-11",101.38,"A","DEF","A","010767783","M","Indice CVS-CJO de la production industrielle (base 100 en 2021) - Industrie chimique (NAF rév. 2, niveau division, poste 20)","SA-WDA industrial production index (base 100 in 2021) - Manufacture of chemicals and chemical products (NAF rev. 2, level Division, item 20)","2026-05-06","SO","0","FM","2","1"
2016-10-01,"2016-10",97.8,"A","DEF","A","010767783","M","Indice CVS-CJO de la production industrielle (base 100 en 2021) - Industrie chimique (NAF rév. 2, niveau division, poste 20)","SA-WDA industrial production index (base 100 in 2021) - Manufacture of chemicals and chemical products (NAF rev. 2, level Division, item 20)","2026-05-06","SO","0","FM","2",NA
2016-09-01,"2016-09",97.61,"A","DEF","A","010767783","M","Indice CVS-CJO de la production industrielle (base 100 en 2021) - Industrie chimique (NAF rév. 2, niveau division, poste 20)","SA-WDA industrial production index (base 100 in 2021) - Manufacture of chemicals and chemical products (NAF rev. 2, level Division, item 20)","2026-05-06","SO","0","FM","2",NA
2016-08-01,"2016-08",100.71,"A","DEF","A","010767783","M","Indice CVS-CJO de la production industrielle (base 100 en 2021) - Industrie chimique (NAF rév. 2, niveau division, poste 20)","SA-WDA industrial production index (base 100 in 2021) - Manufacture of chemicals and chemical products (NAF rev. 2, level Division, item 20)","2026-05-06","SO","0","FM","2","1"
2016-07-01,"2016-07",98.43,"A","DEF","A","010767783","M","Indice CVS-CJO de la production industrielle (base 100 en 2021) - Industrie chimique (NAF rév. 2, niveau division, poste 20)","SA-WDA industrial production index (base 100 in 2021) - Manufacture of chemicals and chemical products (NAF rev. 2, level Division, item 20)","2026-05-06","SO","0","FM","2",NA
2016-06-01,"2016-06",91.04,"A","DEF","A","010767783","M","Indice CVS-CJO de la production industrielle (base 100 en 2021) - Industrie chimique (NAF rév. 2, niveau division, poste 20)","SA-WDA industrial production index (base 100 in 2021) - Manufacture of chemicals and chemical products (NAF rev. 2, level Division, item 20)","2026-05-06","SO","0","FM","2",NA
2016-05-01,"2016-05",94.21,"A","DEF","A","010767783","M","Indice CVS-CJO de la production industrielle (base 100 en 2021) - Industrie chimique (NAF rév. 2, niveau division, poste 20)","SA-WDA industrial production index (base 100 in 2021) - Manufacture of chemicals and chemical products (NAF rev. 2, level Division, item 20)","2026-05-06","SO","0","FM","2",NA
2016-04-01,"2016-04",98.17,"A","DEF","A","010767783","M","Indice CVS-CJO de la production industrielle (base 100 en 2021) - Industrie chimique (NAF rév. 2, niveau division, poste 20)","SA-WDA industrial production index (base 100 in 2021) - Manufacture of chemicals and chemical products (NAF rev. 2, level Division, item 20)","2026-05-06","SO","0","FM","2",NA
2016-03-01,"2016-03",97.07,"A","DEF","A","010767783","M","Indice CVS-CJO de la production industrielle (base 100 en 2021) - Industrie chimique (NAF rév. 2, niveau division, poste 20)","SA-WDA industrial production index (base 100 in 2021) - Manufacture of chemicals and chemical products (NAF rev. 2, level Division, item 20)","2026-05-06","SO","0","FM","2",NA
2016-02-01,"2016-02",99.28,"A","DEF","A","010767783","M","Indice CVS-CJO de la production industrielle (base 100 en 2021) - Industrie chimique (NAF rév. 2, niveau division, poste 20)","SA-WDA industrial production index (base 100 in 2021) - Manufacture of chemicals and chemical products (NAF rev. 2, level Division, item 20)","2026-05-06","SO","0","FM","2",NA
2016-01-01,"2016-01",102.85,"A","DEF","A","010767783","M","Indice CVS-CJO de la production industrielle (base 100 en 2021) - Industrie chimique (NAF rév. 2, niveau division, poste 20)","SA-WDA industrial production index (base 100 in 2021) - Manufacture of chemicals and chemical products (NAF rev. 2, level Division, item 20)","2026-05-06","SO","0","FM","2",NA
2015-12-01,"2015-12",99.89,"A","DEF","A","010767783","M","Indice CVS-CJO de la production industrielle (base 100 en 2021) - Industrie chimique (NAF rév. 2, niveau division, poste 20)","SA-WDA industrial production index (base 100 in 2021) - Manufacture of chemicals and chemical products (NAF rev. 2, level Division, item 20)","2026-05-06","SO","0","FM","2",NA
2015-11-01,"2015-11",99.06,"A","DEF","A","010767783","M","Indice CVS-CJO de la production industrielle (base 100 en 2021) - Industrie chimique (NAF rév. 2, niveau division, poste 20)","SA-WDA industrial production index (base 100 in 2021) - Manufacture of chemicals and chemical products (NAF rev. 2, level Division, item 20)","2026-05-06","SO","0","FM","2","1"
2015-10-01,"2015-10",97.27,"A","DEF","A","010767783","M","Indice CVS-CJO de la production industrielle (base 100 en 2021) - Industrie chimique (NAF rév. 2, niveau division, poste 20)","SA-WDA industrial production index (base 100 in 2021) - Manufacture of chemicals and chemical products (NAF rev. 2, level Division, item 20)","2026-05-06","SO","0","FM","2","1"
2015-09-01,"2015-09",95.42,"A","DEF","A","010767783","M","Indice CVS-CJO de la production industrielle (base 100 en 2021) - Industrie chimique (NAF rév. 2, niveau division, poste 20)","SA-WDA industrial production index (base 100 in 2021) - Manufacture of chemicals and chemical products (NAF rev. 2, level Division, item 20)","2026-05-06","SO","0","FM","2",NA
2015-08-01,"2015-08",97.34,"A","DEF","A","010767783","M","Indice CVS-CJO de la production industrielle (base 100 en 2021) - Industrie chimique (NAF rév. 2, niveau division, poste 20)","SA-WDA industrial production index (base 100 in 2021) - Manufacture of chemicals and chemical products (NAF rev. 2, level Division, item 20)","2026-05-06","SO","0","FM","2",NA
2015-07-01,"2015-07",97.89,"A","DEF","A","010767783","M","Indice CVS-CJO de la production industrielle (base 100 en 2021) - Industrie chimique (NAF rév. 2, niveau division, poste 20)","SA-WDA industrial production index (base 100 in 2021) - Manufacture of chemicals and chemical products (NAF rev. 2, level Division, item 20)","2026-05-06","SO","0","FM","2","1"
2015-06-01,"2015-06",97.59,"A","DEF","A","010767783","M","Indice CVS-CJO de la production industrielle (base 100 en 2021) - Industrie chimique (NAF rév. 2, niveau division, poste 20)","SA-WDA industrial production index (base 100 in 2021) - Manufacture of chemicals and chemical products (NAF rev. 2, level Division, item 20)","2026-05-06","SO","0","FM","2","1"
2015-05-01,"2015-05",98.01,"A","DEF","A","010767783","M","Indice CVS-CJO de la production industrielle (base 100 en 2021) - Industrie chimique (NAF rév. 2, niveau division, poste 20)","SA-WDA industrial production index (base 100 in 2021) - Manufacture of chemicals and chemical products (NAF rev. 2, level Division, item 20)","2026-05-06","SO","0","FM","2",NA
2015-04-01,"2015-04",96.03,"A","DEF","A","010767783","M","Indice CVS-CJO de la production industrielle (base 100 en 2021) - Industrie chimique (NAF rév. 2, niveau division, poste 20)","SA-WDA industrial production index (base 100 in 2021) - Manufacture of chemicals and chemical products (NAF rev. 2, level Division, item 20)","2026-05-06","SO","0","FM","2",NA
2015-03-01,"2015-03",96.04,"A","DEF","A","010767783","M","Indice CVS-CJO de la production industrielle (base 100 en 2021) - Industrie chimique (NAF rév. 2, niveau division, poste 20)","SA-WDA industrial production index (base 100 in 2021) - Manufacture of chemicals and chemical products (NAF rev. 2, level Division, item 20)","2026-05-06","SO","0","FM","2",NA
2015-02-01,"2015-02",96.94,"A","DEF","A","010767783","M","Indice CVS-CJO de la production industrielle (base 100 en 2021) - Industrie chimique (NAF rév. 2, niveau division, poste 20)","SA-WDA industrial production index (base 100 in 2021) - Manufacture of chemicals and chemical products (NAF rev. 2, level Division, item 20)","2026-05-06","SO","0","FM","2",NA
2015-01-01,"2015-01",96.39,"A","DEF","A","010767783","M","Indice CVS-CJO de la production industrielle (base 100 en 2021) - Industrie chimique (NAF rév. 2, niveau division, poste 20)","SA-WDA industrial production index (base 100 in 2021) - Manufacture of chemicals and chemical products (NAF rev. 2, level Division, item 20)","2026-05-06","SO","0","FM","2","1"
2014-12-01,"2014-12",96.42,"A","DEF","A","010767783","M","Indice CVS-CJO de la production industrielle (base 100 en 2021) - Industrie chimique (NAF rév. 2, niveau division, poste 20)","SA-WDA industrial production index (base 100 in 2021) - Manufacture of chemicals and chemical products (NAF rev. 2, level Division, item 20)","2026-05-06","SO","0","FM","2",NA
2014-11-01,"2014-11",94.9,"A","DEF","A","010767783","M","Indice CVS-CJO de la production industrielle (base 100 en 2021) - Industrie chimique (NAF rév. 2, niveau division, poste 20)","SA-WDA industrial production index (base 100 in 2021) - Manufacture of chemicals and chemical products (NAF rev. 2, level Division, item 20)","2026-05-06","SO","0","FM","2",NA
2014-10-01,"2014-10",94.73,"A","DEF","A","010767783","M","Indice CVS-CJO de la production industrielle (base 100 en 2021) - Industrie chimique (NAF rév. 2, niveau division, poste 20)","SA-WDA industrial production index (base 100 in 2021) - Manufacture of chemicals and chemical products (NAF rev. 2, level Division, item 20)","2026-05-06","SO","0","FM","2","1"
2014-09-01,"2014-09",94.21,"A","DEF","A","010767783","M","Indice CVS-CJO de la production industrielle (base 100 en 2021) - Industrie chimique (NAF rév. 2, niveau division, poste 20)","SA-WDA industrial production index (base 100 in 2021) - Manufacture of chemicals and chemical products (NAF rev. 2, level Division, item 20)","2026-05-06","SO","0","FM","2",NA
2014-08-01,"2014-08",95.49,"A","DEF","A","010767783","M","Indice CVS-CJO de la production industrielle (base 100 en 2021) - Industrie chimique (NAF rév. 2, niveau division, poste 20)","SA-WDA industrial production index (base 100 in 2021) - Manufacture of chemicals and chemical products (NAF rev. 2, level Division, item 20)","2026-05-06","SO","0","FM","2",NA
2014-07-01,"2014-07",96.53,"A","DEF","A","010767783","M","Indice CVS-CJO de la production industrielle (base 100 en 2021) - Industrie chimique (NAF rév. 2, niveau division, poste 20)","SA-WDA industrial production index (base 100 in 2021) - Manufacture of chemicals and chemical products (NAF rev. 2, level Division, item 20)","2026-05-06","SO","0","FM","2","1"
2014-06-01,"2014-06",95.01,"A","DEF","A","010767783","M","Indice CVS-CJO de la production industrielle (base 100 en 2021) - Industrie chimique (NAF rév. 2, niveau division, poste 20)","SA-WDA industrial production index (base 100 in 2021) - Manufacture of chemicals and chemical products (NAF rev. 2, level Division, item 20)","2026-05-06","SO","0","FM","2",NA
2014-05-01,"2014-05",94.64,"A","DEF","A","010767783","M","Indice CVS-CJO de la production industrielle (base 100 en 2021) - Industrie chimique (NAF rév. 2, niveau division, poste 20)","SA-WDA industrial production index (base 100 in 2021) - Manufacture of chemicals and chemical products (NAF rev. 2, level Division, item 20)","2026-05-06","SO","0","FM","2",NA
2014-04-01,"2014-04",95.63,"A","DEF","A","010767783","M","Indice CVS-CJO de la production industrielle (base 100 en 2021) - Industrie chimique (NAF rév. 2, niveau division, poste 20)","SA-WDA industrial production index (base 100 in 2021) - Manufacture of chemicals and chemical products (NAF rev. 2, level Division, item 20)","2026-05-06","SO","0","FM","2",NA
2014-03-01,"2014-03",96.63,"A","DEF","A","010767783","M","Indice CVS-CJO de la production industrielle (base 100 en 2021) - Industrie chimique (NAF rév. 2, niveau division, poste 20)","SA-WDA industrial production index (base 100 in 2021) - Manufacture of chemicals and chemical products (NAF rev. 2, level Division, item 20)","2026-05-06","SO","0","FM","2",NA
2014-02-01,"2014-02",95.62,"A","DEF","A","010767783","M","Indice CVS-CJO de la production industrielle (base 100 en 2021) - Industrie chimique (NAF rév. 2, niveau division, poste 20)","SA-WDA industrial production index (base 100 in 2021) - Manufacture of chemicals and chemical products (NAF rev. 2, level Division, item 20)","2026-05-06","SO","0","FM","2",NA
2014-01-01,"2014-01",95.37,"A","DEF","A","010767783","M","Indice CVS-CJO de la production industrielle (base 100 en 2021) - Industrie chimique (NAF rév. 2, niveau division, poste 20)","SA-WDA industrial production index (base 100 in 2021) - Manufacture of chemicals and chemical products (NAF rev. 2, level Division, item 20)","2026-05-06","SO","0","FM","2","1"
2013-12-01,"2013-12",93.57,"A","DEF","A","010767783","M","Indice CVS-CJO de la production industrielle (base 100 en 2021) - Industrie chimique (NAF rév. 2, niveau division, poste 20)","SA-WDA industrial production index (base 100 in 2021) - Manufacture of chemicals and chemical products (NAF rev. 2, level Division, item 20)","2026-05-06","SO","0","FM","2","1"
2013-11-01,"2013-11",94.65,"A","DEF","A","010767783","M","Indice CVS-CJO de la production industrielle (base 100 en 2021) - Industrie chimique (NAF rév. 2, niveau division, poste 20)","SA-WDA industrial production index (base 100 in 2021) - Manufacture of chemicals and chemical products (NAF rev. 2, level Division, item 20)","2026-05-06","SO","0","FM","2","1"
2013-10-01,"2013-10",94.48,"A","DEF","A","010767783","M","Indice CVS-CJO de la production industrielle (base 100 en 2021) - Industrie chimique (NAF rév. 2, niveau division, poste 20)","SA-WDA industrial production index (base 100 in 2021) - Manufacture of chemicals and chemical products (NAF rev. 2, level Division, item 20)","2026-05-06","SO","0","FM","2",NA
2013-09-01,"2013-09",91.23,"A","DEF","A","010767783","M","Indice CVS-CJO de la production industrielle (base 100 en 2021) - Industrie chimique (NAF rév. 2, niveau division, poste 20)","SA-WDA industrial production index (base 100 in 2021) - Manufacture of chemicals and chemical products (NAF rev. 2, level Division, item 20)","2026-05-06","SO","0","FM","2","1"
2013-08-01,"2013-08",89.27,"A","DEF","A","010767783","M","Indice CVS-CJO de la production industrielle (base 100 en 2021) - Industrie chimique (NAF rév. 2, niveau division, poste 20)","SA-WDA industrial production index (base 100 in 2021) - Manufacture of chemicals and chemical products (NAF rev. 2, level Division, item 20)","2026-05-06","SO","0","FM","2",NA
2013-07-01,"2013-07",91.21,"A","DEF","A","010767783","M","Indice CVS-CJO de la production industrielle (base 100 en 2021) - Industrie chimique (NAF rév. 2, niveau division, poste 20)","SA-WDA industrial production index (base 100 in 2021) - Manufacture of chemicals and chemical products (NAF rev. 2, level Division, item 20)","2026-05-06","SO","0","FM","2",NA
2013-06-01,"2013-06",92.42,"A","DEF","A","010767783","M","Indice CVS-CJO de la production industrielle (base 100 en 2021) - Industrie chimique (NAF rév. 2, niveau division, poste 20)","SA-WDA industrial production index (base 100 in 2021) - Manufacture of chemicals and chemical products (NAF rev. 2, level Division, item 20)","2026-05-06","SO","0","FM","2",NA
2013-05-01,"2013-05",91.65,"A","DEF","A","010767783","M","Indice CVS-CJO de la production industrielle (base 100 en 2021) - Industrie chimique (NAF rév. 2, niveau division, poste 20)","SA-WDA industrial production index (base 100 in 2021) - Manufacture of chemicals and chemical products (NAF rev. 2, level Division, item 20)","2026-05-06","SO","0","FM","2","1"
2013-04-01,"2013-04",93.47,"A","DEF","A","010767783","M","Indice CVS-CJO de la production industrielle (base 100 en 2021) - Industrie chimique (NAF rév. 2, niveau division, poste 20)","SA-WDA industrial production index (base 100 in 2021) - Manufacture of chemicals and chemical products (NAF rev. 2, level Division, item 20)","2026-05-06","SO","0","FM","2",NA
2013-03-01,"2013-03",91.2,"A","DEF","A","010767783","M","Indice CVS-CJO de la production industrielle (base 100 en 2021) - Industrie chimique (NAF rév. 2, niveau division, poste 20)","SA-WDA industrial production index (base 100 in 2021) - Manufacture of chemicals and chemical products (NAF rev. 2, level Division, item 20)","2026-05-06","SO","0","FM","2",NA
2013-02-01,"2013-02",91.14,"A","DEF","A","010767783","M","Indice CVS-CJO de la production industrielle (base 100 en 2021) - Industrie chimique (NAF rév. 2, niveau division, poste 20)","SA-WDA industrial production index (base 100 in 2021) - Manufacture of chemicals and chemical products (NAF rev. 2, level Division, item 20)","2026-05-06","SO","0","FM","2",NA
2013-01-01,"2013-01",90.71,"A","DEF","A","010767783","M","Indice CVS-CJO de la production industrielle (base 100 en 2021) - Industrie chimique (NAF rév. 2, niveau division, poste 20)","SA-WDA industrial production index (base 100 in 2021) - Manufacture of chemicals and chemical products (NAF rev. 2, level Division, item 20)","2026-05-06","SO","0","FM","2",NA
2012-12-01,"2012-12",90.03,"A","DEF","A","010767783","M","Indice CVS-CJO de la production industrielle (base 100 en 2021) - Industrie chimique (NAF rév. 2, niveau division, poste 20)","SA-WDA industrial production index (base 100 in 2021) - Manufacture of chemicals and chemical products (NAF rev. 2, level Division, item 20)","2026-05-06","SO","0","FM","2","1"
2012-11-01,"2012-11",87.79,"A","DEF","A","010767783","M","Indice CVS-CJO de la production industrielle (base 100 en 2021) - Industrie chimique (NAF rév. 2, niveau division, poste 20)","SA-WDA industrial production index (base 100 in 2021) - Manufacture of chemicals and chemical products (NAF rev. 2, level Division, item 20)","2026-05-06","SO","0","FM","2",NA
2012-10-01,"2012-10",89.1,"A","DEF","A","010767783","M","Indice CVS-CJO de la production industrielle (base 100 en 2021) - Industrie chimique (NAF rév. 2, niveau division, poste 20)","SA-WDA industrial production index (base 100 in 2021) - Manufacture of chemicals and chemical products (NAF rev. 2, level Division, item 20)","2026-05-06","SO","0","FM","2","1"
2012-09-01,"2012-09",90.2,"A","DEF","A","010767783","M","Indice CVS-CJO de la production industrielle (base 100 en 2021) - Industrie chimique (NAF rév. 2, niveau division, poste 20)","SA-WDA industrial production index (base 100 in 2021) - Manufacture of chemicals and chemical products (NAF rev. 2, level Division, item 20)","2026-05-06","SO","0","FM","2",NA
2012-08-01,"2012-08",87.61,"A","DEF","A","010767783","M","Indice CVS-CJO de la production industrielle (base 100 en 2021) - Industrie chimique (NAF rév. 2, niveau division, poste 20)","SA-WDA industrial production index (base 100 in 2021) - Manufacture of chemicals and chemical products (NAF rev. 2, level Division, item 20)","2026-05-06","SO","0","FM","2",NA
2012-07-01,"2012-07",86.18,"A","DEF","A","010767783","M","Indice CVS-CJO de la production industrielle (base 100 en 2021) - Industrie chimique (NAF rév. 2, niveau division, poste 20)","SA-WDA industrial production index (base 100 in 2021) - Manufacture of chemicals and chemical products (NAF rev. 2, level Division, item 20)","2026-05-06","SO","0","FM","2","1"
2012-06-01,"2012-06",86.93,"A","DEF","A","010767783","M","Indice CVS-CJO de la production industrielle (base 100 en 2021) - Industrie chimique (NAF rév. 2, niveau division, poste 20)","SA-WDA industrial production index (base 100 in 2021) - Manufacture of chemicals and chemical products (NAF rev. 2, level Division, item 20)","2026-05-06","SO","0","FM","2",NA
2012-05-01,"2012-05",88.91,"A","DEF","A","010767783","M","Indice CVS-CJO de la production industrielle (base 100 en 2021) - Industrie chimique (NAF rév. 2, niveau division, poste 20)","SA-WDA industrial production index (base 100 in 2021) - Manufacture of chemicals and chemical products (NAF rev. 2, level Division, item 20)","2026-05-06","SO","0","FM","2",NA
2012-04-01,"2012-04",89.47,"A","DEF","A","010767783","M","Indice CVS-CJO de la production industrielle (base 100 en 2021) - Industrie chimique (NAF rév. 2, niveau division, poste 20)","SA-WDA industrial production index (base 100 in 2021) - Manufacture of chemicals and chemical products (NAF rev. 2, level Division, item 20)","2026-05-06","SO","0","FM","2",NA
2012-03-01,"2012-03",87.81,"A","DEF","A","010767783","M","Indice CVS-CJO de la production industrielle (base 100 en 2021) - Industrie chimique (NAF rév. 2, niveau division, poste 20)","SA-WDA industrial production index (base 100 in 2021) - Manufacture of chemicals and chemical products (NAF rev. 2, level Division, item 20)","2026-05-06","SO","0","FM","2",NA
2012-02-01,"2012-02",84.11,"A","DEF","A","010767783","M","Indice CVS-CJO de la production industrielle (base 100 en 2021) - Industrie chimique (NAF rév. 2, niveau division, poste 20)","SA-WDA industrial production index (base 100 in 2021) - Manufacture of chemicals and chemical products (NAF rev. 2, level Division, item 20)","2026-05-06","SO","0","FM","2","1"
2012-01-01,"2012-01",90.23,"A","DEF","A","010767783","M","Indice CVS-CJO de la production industrielle (base 100 en 2021) - Industrie chimique (NAF rév. 2, niveau division, poste 20)","SA-WDA industrial production index (base 100 in 2021) - Manufacture of chemicals and chemical products (NAF rev. 2, level Division, item 20)","2026-05-06","SO","0","FM","2","1"
2011-12-01,"2011-12",87.98,"A","DEF","A","010767783","M","Indice CVS-CJO de la production industrielle (base 100 en 2021) - Industrie chimique (NAF rév. 2, niveau division, poste 20)","SA-WDA industrial production index (base 100 in 2021) - Manufacture of chemicals and chemical products (NAF rev. 2, level Division, item 20)","2026-05-06","SO","0","FM","2","1"
2011-11-01,"2011-11",89.47,"A","DEF","A","010767783","M","Indice CVS-CJO de la production industrielle (base 100 en 2021) - Industrie chimique (NAF rév. 2, niveau division, poste 20)","SA-WDA industrial production index (base 100 in 2021) - Manufacture of chemicals and chemical products (NAF rev. 2, level Division, item 20)","2026-05-06","SO","0","FM","2","1"
2011-10-01,"2011-10",85.15,"A","DEF","A","010767783","M","Indice CVS-CJO de la production industrielle (base 100 en 2021) - Industrie chimique (NAF rév. 2, niveau division, poste 20)","SA-WDA industrial production index (base 100 in 2021) - Manufacture of chemicals and chemical products (NAF rev. 2, level Division, item 20)","2026-05-06","SO","0","FM","2","1"
2011-09-01,"2011-09",88.01,"A","DEF","A","010767783","M","Indice CVS-CJO de la production industrielle (base 100 en 2021) - Industrie chimique (NAF rév. 2, niveau division, poste 20)","SA-WDA industrial production index (base 100 in 2021) - Manufacture of chemicals and chemical products (NAF rev. 2, level Division, item 20)","2026-05-06","SO","0","FM","2",NA
2011-08-01,"2011-08",89.63,"A","DEF","A","010767783","M","Indice CVS-CJO de la production industrielle (base 100 en 2021) - Industrie chimique (NAF rév. 2, niveau division, poste 20)","SA-WDA industrial production index (base 100 in 2021) - Manufacture of chemicals and chemical products (NAF rev. 2, level Division, item 20)","2026-05-06","SO","0","FM","2","1"
2011-07-01,"2011-07",91.55,"A","DEF","A","010767783","M","Indice CVS-CJO de la production industrielle (base 100 en 2021) - Industrie chimique (NAF rév. 2, niveau division, poste 20)","SA-WDA industrial production index (base 100 in 2021) - Manufacture of chemicals and chemical products (NAF rev. 2, level Division, item 20)","2026-05-06","SO","0","FM","2","1"
2011-06-01,"2011-06",90.69,"A","DEF","A","010767783","M","Indice CVS-CJO de la production industrielle (base 100 en 2021) - Industrie chimique (NAF rév. 2, niveau division, poste 20)","SA-WDA industrial production index (base 100 in 2021) - Manufacture of chemicals and chemical products (NAF rev. 2, level Division, item 20)","2026-05-06","SO","0","FM","2","1"
2011-05-01,"2011-05",92.31,"A","DEF","A","010767783","M","Indice CVS-CJO de la production industrielle (base 100 en 2021) - Industrie chimique (NAF rév. 2, niveau division, poste 20)","SA-WDA industrial production index (base 100 in 2021) - Manufacture of chemicals and chemical products (NAF rev. 2, level Division, item 20)","2026-05-06","SO","0","FM","2",NA
2011-04-01,"2011-04",90.64,"A","DEF","A","010767783","M","Indice CVS-CJO de la production industrielle (base 100 en 2021) - Industrie chimique (NAF rév. 2, niveau division, poste 20)","SA-WDA industrial production index (base 100 in 2021) - Manufacture of chemicals and chemical products (NAF rev. 2, level Division, item 20)","2026-05-06","SO","0","FM","2",NA
2011-03-01,"2011-03",93.2,"A","DEF","A","010767783","M","Indice CVS-CJO de la production industrielle (base 100 en 2021) - Industrie chimique (NAF rév. 2, niveau division, poste 20)","SA-WDA industrial production index (base 100 in 2021) - Manufacture of chemicals and chemical products (NAF rev. 2, level Division, item 20)","2026-05-06","SO","0","FM","2",NA
2011-02-01,"2011-02",92.11,"A","DEF","A","010767783","M","Indice CVS-CJO de la production industrielle (base 100 en 2021) - Industrie chimique (NAF rév. 2, niveau division, poste 20)","SA-WDA industrial production index (base 100 in 2021) - Manufacture of chemicals and chemical products (NAF rev. 2, level Division, item 20)","2026-05-06","SO","0","FM","2",NA
2011-01-01,"2011-01",89.94,"A","DEF","A","010767783","M","Indice CVS-CJO de la production industrielle (base 100 en 2021) - Industrie chimique (NAF rév. 2, niveau division, poste 20)","SA-WDA industrial production index (base 100 in 2021) - Manufacture of chemicals and chemical products (NAF rev. 2, level Division, item 20)","2026-05-06","SO","0","FM","2",NA
2010-12-01,"2010-12",86.86,"A","DEF","A","010767783","M","Indice CVS-CJO de la production industrielle (base 100 en 2021) - Industrie chimique (NAF rév. 2, niveau division, poste 20)","SA-WDA industrial production index (base 100 in 2021) - Manufacture of chemicals and chemical products (NAF rev. 2, level Division, item 20)","2026-05-06","SO","0","FM","2",NA
2010-11-01,"2010-11",85.71,"A","DEF","A","010767783","M","Indice CVS-CJO de la production industrielle (base 100 en 2021) - Industrie chimique (NAF rév. 2, niveau division, poste 20)","SA-WDA industrial production index (base 100 in 2021) - Manufacture of chemicals and chemical products (NAF rev. 2, level Division, item 20)","2026-05-06","SO","0","FM","2",NA
2010-10-01,"2010-10",81.73,"A","DEF","A","010767783","M","Indice CVS-CJO de la production industrielle (base 100 en 2021) - Industrie chimique (NAF rév. 2, niveau division, poste 20)","SA-WDA industrial production index (base 100 in 2021) - Manufacture of chemicals and chemical products (NAF rev. 2, level Division, item 20)","2026-05-06","SO","0","FM","2",NA
2010-09-01,"2010-09",85.1,"A","DEF","A","010767783","M","Indice CVS-CJO de la production industrielle (base 100 en 2021) - Industrie chimique (NAF rév. 2, niveau division, poste 20)","SA-WDA industrial production index (base 100 in 2021) - Manufacture of chemicals and chemical products (NAF rev. 2, level Division, item 20)","2026-05-06","SO","0","FM","2",NA
2010-08-01,"2010-08",84.99,"A","DEF","A","010767783","M","Indice CVS-CJO de la production industrielle (base 100 en 2021) - Industrie chimique (NAF rév. 2, niveau division, poste 20)","SA-WDA industrial production index (base 100 in 2021) - Manufacture of chemicals and chemical products (NAF rev. 2, level Division, item 20)","2026-05-06","SO","0","FM","2","1"
2010-07-01,"2010-07",86.71,"A","DEF","A","010767783","M","Indice CVS-CJO de la production industrielle (base 100 en 2021) - Industrie chimique (NAF rév. 2, niveau division, poste 20)","SA-WDA industrial production index (base 100 in 2021) - Manufacture of chemicals and chemical products (NAF rev. 2, level Division, item 20)","2026-05-06","SO","0","FM","2",NA
2010-06-01,"2010-06",85.72,"A","DEF","A","010767783","M","Indice CVS-CJO de la production industrielle (base 100 en 2021) - Industrie chimique (NAF rév. 2, niveau division, poste 20)","SA-WDA industrial production index (base 100 in 2021) - Manufacture of chemicals and chemical products (NAF rev. 2, level Division, item 20)","2026-05-06","SO","0","FM","2","1"
2010-05-01,"2010-05",86,"A","DEF","A","010767783","M","Indice CVS-CJO de la production industrielle (base 100 en 2021) - Industrie chimique (NAF rév. 2, niveau division, poste 20)","SA-WDA industrial production index (base 100 in 2021) - Manufacture of chemicals and chemical products (NAF rev. 2, level Division, item 20)","2026-05-06","SO","0","FM","2",NA
2010-04-01,"2010-04",85.13,"A","DEF","A","010767783","M","Indice CVS-CJO de la production industrielle (base 100 en 2021) - Industrie chimique (NAF rév. 2, niveau division, poste 20)","SA-WDA industrial production index (base 100 in 2021) - Manufacture of chemicals and chemical products (NAF rev. 2, level Division, item 20)","2026-05-06","SO","0","FM","2","1"
2010-03-01,"2010-03",83.1,"A","DEF","A","010767783","M","Indice CVS-CJO de la production industrielle (base 100 en 2021) - Industrie chimique (NAF rév. 2, niveau division, poste 20)","SA-WDA industrial production index (base 100 in 2021) - Manufacture of chemicals and chemical products (NAF rev. 2, level Division, item 20)","2026-05-06","SO","0","FM","2","1"
2010-02-01,"2010-02",84.3,"A","DEF","A","010767783","M","Indice CVS-CJO de la production industrielle (base 100 en 2021) - Industrie chimique (NAF rév. 2, niveau division, poste 20)","SA-WDA industrial production index (base 100 in 2021) - Manufacture of chemicals and chemical products (NAF rev. 2, level Division, item 20)","2026-05-06","SO","0","FM","2","1"
2010-01-01,"2010-01",81.75,"A","DEF","A","010767783","M","Indice CVS-CJO de la production industrielle (base 100 en 2021) - Industrie chimique (NAF rév. 2, niveau division, poste 20)","SA-WDA industrial production index (base 100 in 2021) - Manufacture of chemicals and chemical products (NAF rev. 2, level Division, item 20)","2026-05-06","SO","0","FM","2",NA
2009-12-01,"2009-12",82.63,"A","DEF","A","010767783","M","Indice CVS-CJO de la production industrielle (base 100 en 2021) - Industrie chimique (NAF rév. 2, niveau division, poste 20)","SA-WDA industrial production index (base 100 in 2021) - Manufacture of chemicals and chemical products (NAF rev. 2, level Division, item 20)","2026-05-06","SO","0","FM","2",NA
2009-11-01,"2009-11",85.38,"A","DEF","A","010767783","M","Indice CVS-CJO de la production industrielle (base 100 en 2021) - Industrie chimique (NAF rév. 2, niveau division, poste 20)","SA-WDA industrial production index (base 100 in 2021) - Manufacture of chemicals and chemical products (NAF rev. 2, level Division, item 20)","2026-05-06","SO","0","FM","2",NA
2009-10-01,"2009-10",88.74,"A","DEF","A","010767783","M","Indice CVS-CJO de la production industrielle (base 100 en 2021) - Industrie chimique (NAF rév. 2, niveau division, poste 20)","SA-WDA industrial production index (base 100 in 2021) - Manufacture of chemicals and chemical products (NAF rev. 2, level Division, item 20)","2026-05-06","SO","0","FM","2",NA
2009-09-01,"2009-09",82.78,"A","DEF","A","010767783","M","Indice CVS-CJO de la production industrielle (base 100 en 2021) - Industrie chimique (NAF rév. 2, niveau division, poste 20)","SA-WDA industrial production index (base 100 in 2021) - Manufacture of chemicals and chemical products (NAF rev. 2, level Division, item 20)","2026-05-06","SO","0","FM","2",NA
2009-08-01,"2009-08",81.89,"A","DEF","A","010767783","M","Indice CVS-CJO de la production industrielle (base 100 en 2021) - Industrie chimique (NAF rév. 2, niveau division, poste 20)","SA-WDA industrial production index (base 100 in 2021) - Manufacture of chemicals and chemical products (NAF rev. 2, level Division, item 20)","2026-05-06","SO","0","FM","2",NA
2009-07-01,"2009-07",80.6,"A","DEF","A","010767783","M","Indice CVS-CJO de la production industrielle (base 100 en 2021) - Industrie chimique (NAF rév. 2, niveau division, poste 20)","SA-WDA industrial production index (base 100 in 2021) - Manufacture of chemicals and chemical products (NAF rev. 2, level Division, item 20)","2026-05-06","SO","0","FM","2",NA
2009-06-01,"2009-06",81.11,"A","DEF","A","010767783","M","Indice CVS-CJO de la production industrielle (base 100 en 2021) - Industrie chimique (NAF rév. 2, niveau division, poste 20)","SA-WDA industrial production index (base 100 in 2021) - Manufacture of chemicals and chemical products (NAF rev. 2, level Division, item 20)","2026-05-06","SO","0","FM","2",NA
2009-05-01,"2009-05",75.28,"A","DEF","A","010767783","M","Indice CVS-CJO de la production industrielle (base 100 en 2021) - Industrie chimique (NAF rév. 2, niveau division, poste 20)","SA-WDA industrial production index (base 100 in 2021) - Manufacture of chemicals and chemical products (NAF rev. 2, level Division, item 20)","2026-05-06","SO","0","FM","2",NA
2009-04-01,"2009-04",73.89,"A","DEF","A","010767783","M","Indice CVS-CJO de la production industrielle (base 100 en 2021) - Industrie chimique (NAF rév. 2, niveau division, poste 20)","SA-WDA industrial production index (base 100 in 2021) - Manufacture of chemicals and chemical products (NAF rev. 2, level Division, item 20)","2026-05-06","SO","0","FM","2",NA
2009-03-01,"2009-03",72.6,"A","DEF","A","010767783","M","Indice CVS-CJO de la production industrielle (base 100 en 2021) - Industrie chimique (NAF rév. 2, niveau division, poste 20)","SA-WDA industrial production index (base 100 in 2021) - Manufacture of chemicals and chemical products (NAF rev. 2, level Division, item 20)","2026-05-06","SO","0","FM","2","1"
2009-02-01,"2009-02",75.82,"A","DEF","A","010767783","M","Indice CVS-CJO de la production industrielle (base 100 en 2021) - Industrie chimique (NAF rév. 2, niveau division, poste 20)","SA-WDA industrial production index (base 100 in 2021) - Manufacture of chemicals and chemical products (NAF rev. 2, level Division, item 20)","2026-05-06","SO","0","FM","2","1"
2009-01-01,"2009-01",71.23,"A","DEF","A","010767783","M","Indice CVS-CJO de la production industrielle (base 100 en 2021) - Industrie chimique (NAF rév. 2, niveau division, poste 20)","SA-WDA industrial production index (base 100 in 2021) - Manufacture of chemicals and chemical products (NAF rev. 2, level Division, item 20)","2026-05-06","SO","0","FM","2","1"
2008-12-01,"2008-12",71.09,"A","DEF","A","010767783","M","Indice CVS-CJO de la production industrielle (base 100 en 2021) - Industrie chimique (NAF rév. 2, niveau division, poste 20)","SA-WDA industrial production index (base 100 in 2021) - Manufacture of chemicals and chemical products (NAF rev. 2, level Division, item 20)","2026-05-06","SO","0","FM","2",NA
2008-11-01,"2008-11",81.4,"A","DEF","A","010767783","M","Indice CVS-CJO de la production industrielle (base 100 en 2021) - Industrie chimique (NAF rév. 2, niveau division, poste 20)","SA-WDA industrial production index (base 100 in 2021) - Manufacture of chemicals and chemical products (NAF rev. 2, level Division, item 20)","2026-05-06","SO","0","FM","2",NA
2008-10-01,"2008-10",93.15,"A","DEF","A","010767783","M","Indice CVS-CJO de la production industrielle (base 100 en 2021) - Industrie chimique (NAF rév. 2, niveau division, poste 20)","SA-WDA industrial production index (base 100 in 2021) - Manufacture of chemicals and chemical products (NAF rev. 2, level Division, item 20)","2026-05-06","SO","0","FM","2",NA
2008-09-01,"2008-09",90.25,"A","DEF","A","010767783","M","Indice CVS-CJO de la production industrielle (base 100 en 2021) - Industrie chimique (NAF rév. 2, niveau division, poste 20)","SA-WDA industrial production index (base 100 in 2021) - Manufacture of chemicals and chemical products (NAF rev. 2, level Division, item 20)","2026-05-06","SO","0","FM","2",NA
2008-08-01,"2008-08",91.92,"A","DEF","A","010767783","M","Indice CVS-CJO de la production industrielle (base 100 en 2021) - Industrie chimique (NAF rév. 2, niveau division, poste 20)","SA-WDA industrial production index (base 100 in 2021) - Manufacture of chemicals and chemical products (NAF rev. 2, level Division, item 20)","2026-05-06","SO","0","FM","2",NA
2008-07-01,"2008-07",90.45,"A","DEF","A","010767783","M","Indice CVS-CJO de la production industrielle (base 100 en 2021) - Industrie chimique (NAF rév. 2, niveau division, poste 20)","SA-WDA industrial production index (base 100 in 2021) - Manufacture of chemicals and chemical products (NAF rev. 2, level Division, item 20)","2026-05-06","SO","0","FM","2","1"
2008-06-01,"2008-06",89.77,"A","DEF","A","010767783","M","Indice CVS-CJO de la production industrielle (base 100 en 2021) - Industrie chimique (NAF rév. 2, niveau division, poste 20)","SA-WDA industrial production index (base 100 in 2021) - Manufacture of chemicals and chemical products (NAF rev. 2, level Division, item 20)","2026-05-06","SO","0","FM","2",NA
2008-05-01,"2008-05",90.93,"A","DEF","A","010767783","M","Indice CVS-CJO de la production industrielle (base 100 en 2021) - Industrie chimique (NAF rév. 2, niveau division, poste 20)","SA-WDA industrial production index (base 100 in 2021) - Manufacture of chemicals and chemical products (NAF rev. 2, level Division, item 20)","2026-05-06","SO","0","FM","2",NA
2008-04-01,"2008-04",93.54,"A","DEF","A","010767783","M","Indice CVS-CJO de la production industrielle (base 100 en 2021) - Industrie chimique (NAF rév. 2, niveau division, poste 20)","SA-WDA industrial production index (base 100 in 2021) - Manufacture of chemicals and chemical products (NAF rev. 2, level Division, item 20)","2026-05-06","SO","0","FM","2","1"
2008-03-01,"2008-03",92.94,"A","DEF","A","010767783","M","Indice CVS-CJO de la production industrielle (base 100 en 2021) - Industrie chimique (NAF rév. 2, niveau division, poste 20)","SA-WDA industrial production index (base 100 in 2021) - Manufacture of chemicals and chemical products (NAF rev. 2, level Division, item 20)","2026-05-06","SO","0","FM","2",NA
2008-02-01,"2008-02",94.57,"A","DEF","A","010767783","M","Indice CVS-CJO de la production industrielle (base 100 en 2021) - Industrie chimique (NAF rév. 2, niveau division, poste 20)","SA-WDA industrial production index (base 100 in 2021) - Manufacture of chemicals and chemical products (NAF rev. 2, level Division, item 20)","2026-05-06","SO","0","FM","2","1"
2008-01-01,"2008-01",95.57,"A","DEF","A","010767783","M","Indice CVS-CJO de la production industrielle (base 100 en 2021) - Industrie chimique (NAF rév. 2, niveau division, poste 20)","SA-WDA industrial production index (base 100 in 2021) - Manufacture of chemicals and chemical products (NAF rev. 2, level Division, item 20)","2026-05-06","SO","0","FM","2","1"
2007-12-01,"2007-12",92.73,"A","DEF","A","010767783","M","Indice CVS-CJO de la production industrielle (base 100 en 2021) - Industrie chimique (NAF rév. 2, niveau division, poste 20)","SA-WDA industrial production index (base 100 in 2021) - Manufacture of chemicals and chemical products (NAF rev. 2, level Division, item 20)","2026-05-06","SO","0","FM","2","1"
2007-11-01,"2007-11",91.58,"A","DEF","A","010767783","M","Indice CVS-CJO de la production industrielle (base 100 en 2021) - Industrie chimique (NAF rév. 2, niveau division, poste 20)","SA-WDA industrial production index (base 100 in 2021) - Manufacture of chemicals and chemical products (NAF rev. 2, level Division, item 20)","2026-05-06","SO","0","FM","2",NA
2007-10-01,"2007-10",96.78,"A","DEF","A","010767783","M","Indice CVS-CJO de la production industrielle (base 100 en 2021) - Industrie chimique (NAF rév. 2, niveau division, poste 20)","SA-WDA industrial production index (base 100 in 2021) - Manufacture of chemicals and chemical products (NAF rev. 2, level Division, item 20)","2026-05-06","SO","0","FM","2","1"
2007-09-01,"2007-09",93.72,"A","DEF","A","010767783","M","Indice CVS-CJO de la production industrielle (base 100 en 2021) - Industrie chimique (NAF rév. 2, niveau division, poste 20)","SA-WDA industrial production index (base 100 in 2021) - Manufacture of chemicals and chemical products (NAF rev. 2, level Division, item 20)","2026-05-06","SO","0","FM","2",NA
2007-08-01,"2007-08",90.7,"A","DEF","A","010767783","M","Indice CVS-CJO de la production industrielle (base 100 en 2021) - Industrie chimique (NAF rév. 2, niveau division, poste 20)","SA-WDA industrial production index (base 100 in 2021) - Manufacture of chemicals and chemical products (NAF rev. 2, level Division, item 20)","2026-05-06","SO","0","FM","2","1"
2007-07-01,"2007-07",92.12,"A","DEF","A","010767783","M","Indice CVS-CJO de la production industrielle (base 100 en 2021) - Industrie chimique (NAF rév. 2, niveau division, poste 20)","SA-WDA industrial production index (base 100 in 2021) - Manufacture of chemicals and chemical products (NAF rev. 2, level Division, item 20)","2026-05-06","SO","0","FM","2",NA
2007-06-01,"2007-06",91.33,"A","DEF","A","010767783","M","Indice CVS-CJO de la production industrielle (base 100 en 2021) - Industrie chimique (NAF rév. 2, niveau division, poste 20)","SA-WDA industrial production index (base 100 in 2021) - Manufacture of chemicals and chemical products (NAF rev. 2, level Division, item 20)","2026-05-06","SO","0","FM","2",NA
2007-05-01,"2007-05",93.16,"A","DEF","A","010767783","M","Indice CVS-CJO de la production industrielle (base 100 en 2021) - Industrie chimique (NAF rév. 2, niveau division, poste 20)","SA-WDA industrial production index (base 100 in 2021) - Manufacture of chemicals and chemical products (NAF rev. 2, level Division, item 20)","2026-05-06","SO","0","FM","2","1"
2007-04-01,"2007-04",90.1,"A","DEF","A","010767783","M","Indice CVS-CJO de la production industrielle (base 100 en 2021) - Industrie chimique (NAF rév. 2, niveau division, poste 20)","SA-WDA industrial production index (base 100 in 2021) - Manufacture of chemicals and chemical products (NAF rev. 2, level Division, item 20)","2026-05-06","SO","0","FM","2",NA
2007-03-01,"2007-03",92.77,"A","DEF","A","010767783","M","Indice CVS-CJO de la production industrielle (base 100 en 2021) - Industrie chimique (NAF rév. 2, niveau division, poste 20)","SA-WDA industrial production index (base 100 in 2021) - Manufacture of chemicals and chemical products (NAF rev. 2, level Division, item 20)","2026-05-06","SO","0","FM","2",NA
2007-02-01,"2007-02",91.17,"A","DEF","A","010767783","M","Indice CVS-CJO de la production industrielle (base 100 en 2021) - Industrie chimique (NAF rév. 2, niveau division, poste 20)","SA-WDA industrial production index (base 100 in 2021) - Manufacture of chemicals and chemical products (NAF rev. 2, level Division, item 20)","2026-05-06","SO","0","FM","2",NA
2007-01-01,"2007-01",90.35,"A","DEF","A","010767783","M","Indice CVS-CJO de la production industrielle (base 100 en 2021) - Industrie chimique (NAF rév. 2, niveau division, poste 20)","SA-WDA industrial production index (base 100 in 2021) - Manufacture of chemicals and chemical products (NAF rev. 2, level Division, item 20)","2026-05-06","SO","0","FM","2",NA
2006-12-01,"2006-12",90.12,"A","DEF","A","010767783","M","Indice CVS-CJO de la production industrielle (base 100 en 2021) - Industrie chimique (NAF rév. 2, niveau division, poste 20)","SA-WDA industrial production index (base 100 in 2021) - Manufacture of chemicals and chemical products (NAF rev. 2, level Division, item 20)","2026-05-06","SO","0","FM","2",NA
2006-11-01,"2006-11",86.96,"A","DEF","A","010767783","M","Indice CVS-CJO de la production industrielle (base 100 en 2021) - Industrie chimique (NAF rév. 2, niveau division, poste 20)","SA-WDA industrial production index (base 100 in 2021) - Manufacture of chemicals and chemical products (NAF rev. 2, level Division, item 20)","2026-05-06","SO","0","FM","2",NA
2006-10-01,"2006-10",86.06,"A","DEF","A","010767783","M","Indice CVS-CJO de la production industrielle (base 100 en 2021) - Industrie chimique (NAF rév. 2, niveau division, poste 20)","SA-WDA industrial production index (base 100 in 2021) - Manufacture of chemicals and chemical products (NAF rev. 2, level Division, item 20)","2026-05-06","SO","0","FM","2",NA
2006-09-01,"2006-09",85.91,"A","DEF","A","010767783","M","Indice CVS-CJO de la production industrielle (base 100 en 2021) - Industrie chimique (NAF rév. 2, niveau division, poste 20)","SA-WDA industrial production index (base 100 in 2021) - Manufacture of chemicals and chemical products (NAF rev. 2, level Division, item 20)","2026-05-06","SO","0","FM","2",NA
2006-08-01,"2006-08",85.9,"A","DEF","A","010767783","M","Indice CVS-CJO de la production industrielle (base 100 en 2021) - Industrie chimique (NAF rév. 2, niveau division, poste 20)","SA-WDA industrial production index (base 100 in 2021) - Manufacture of chemicals and chemical products (NAF rev. 2, level Division, item 20)","2026-05-06","SO","0","FM","2",NA
2006-07-01,"2006-07",85.2,"A","DEF","A","010767783","M","Indice CVS-CJO de la production industrielle (base 100 en 2021) - Industrie chimique (NAF rév. 2, niveau division, poste 20)","SA-WDA industrial production index (base 100 in 2021) - Manufacture of chemicals and chemical products (NAF rev. 2, level Division, item 20)","2026-05-06","SO","0","FM","2",NA
2006-06-01,"2006-06",88.49,"A","DEF","A","010767783","M","Indice CVS-CJO de la production industrielle (base 100 en 2021) - Industrie chimique (NAF rév. 2, niveau division, poste 20)","SA-WDA industrial production index (base 100 in 2021) - Manufacture of chemicals and chemical products (NAF rev. 2, level Division, item 20)","2026-05-06","SO","0","FM","2",NA
2006-05-01,"2006-05",87.21,"A","DEF","A","010767783","M","Indice CVS-CJO de la production industrielle (base 100 en 2021) - Industrie chimique (NAF rév. 2, niveau division, poste 20)","SA-WDA industrial production index (base 100 in 2021) - Manufacture of chemicals and chemical products (NAF rev. 2, level Division, item 20)","2026-05-06","SO","0","FM","2","1"
2006-04-01,"2006-04",86.04,"A","DEF","A","010767783","M","Indice CVS-CJO de la production industrielle (base 100 en 2021) - Industrie chimique (NAF rév. 2, niveau division, poste 20)","SA-WDA industrial production index (base 100 in 2021) - Manufacture of chemicals and chemical products (NAF rev. 2, level Division, item 20)","2026-05-06","SO","0","FM","2",NA
2006-03-01,"2006-03",86.49,"A","DEF","A","010767783","M","Indice CVS-CJO de la production industrielle (base 100 en 2021) - Industrie chimique (NAF rév. 2, niveau division, poste 20)","SA-WDA industrial production index (base 100 in 2021) - Manufacture of chemicals and chemical products (NAF rev. 2, level Division, item 20)","2026-05-06","SO","0","FM","2",NA
2006-02-01,"2006-02",82.61,"A","DEF","A","010767783","M","Indice CVS-CJO de la production industrielle (base 100 en 2021) - Industrie chimique (NAF rév. 2, niveau division, poste 20)","SA-WDA industrial production index (base 100 in 2021) - Manufacture of chemicals and chemical products (NAF rev. 2, level Division, item 20)","2026-05-06","SO","0","FM","2",NA
2006-01-01,"2006-01",85.42,"A","DEF","A","010767783","M","Indice CVS-CJO de la production industrielle (base 100 en 2021) - Industrie chimique (NAF rév. 2, niveau division, poste 20)","SA-WDA industrial production index (base 100 in 2021) - Manufacture of chemicals and chemical products (NAF rev. 2, level Division, item 20)","2026-05-06","SO","0","FM","2",NA
2005-12-01,"2005-12",87.1,"A","DEF","A","010767783","M","Indice CVS-CJO de la production industrielle (base 100 en 2021) - Industrie chimique (NAF rév. 2, niveau division, poste 20)","SA-WDA industrial production index (base 100 in 2021) - Manufacture of chemicals and chemical products (NAF rev. 2, level Division, item 20)","2026-05-06","SO","0","FM","2",NA
2005-11-01,"2005-11",87.16,"A","DEF","A","010767783","M","Indice CVS-CJO de la production industrielle (base 100 en 2021) - Industrie chimique (NAF rév. 2, niveau division, poste 20)","SA-WDA industrial production index (base 100 in 2021) - Manufacture of chemicals and chemical products (NAF rev. 2, level Division, item 20)","2026-05-06","SO","0","FM","2",NA
2005-10-01,"2005-10",85.63,"A","DEF","A","010767783","M","Indice CVS-CJO de la production industrielle (base 100 en 2021) - Industrie chimique (NAF rév. 2, niveau division, poste 20)","SA-WDA industrial production index (base 100 in 2021) - Manufacture of chemicals and chemical products (NAF rev. 2, level Division, item 20)","2026-05-06","SO","0","FM","2","1"
2005-09-01,"2005-09",87.2,"A","DEF","A","010767783","M","Indice CVS-CJO de la production industrielle (base 100 en 2021) - Industrie chimique (NAF rév. 2, niveau division, poste 20)","SA-WDA industrial production index (base 100 in 2021) - Manufacture of chemicals and chemical products (NAF rev. 2, level Division, item 20)","2026-05-06","SO","0","FM","2",NA
2005-08-01,"2005-08",85.82,"A","DEF","A","010767783","M","Indice CVS-CJO de la production industrielle (base 100 en 2021) - Industrie chimique (NAF rév. 2, niveau division, poste 20)","SA-WDA industrial production index (base 100 in 2021) - Manufacture of chemicals and chemical products (NAF rev. 2, level Division, item 20)","2026-05-06","SO","0","FM","2","1"
2005-07-01,"2005-07",83.62,"A","DEF","A","010767783","M","Indice CVS-CJO de la production industrielle (base 100 en 2021) - Industrie chimique (NAF rév. 2, niveau division, poste 20)","SA-WDA industrial production index (base 100 in 2021) - Manufacture of chemicals and chemical products (NAF rev. 2, level Division, item 20)","2026-05-06","SO","0","FM","2","1"
2005-06-01,"2005-06",83.74,"A","DEF","A","010767783","M","Indice CVS-CJO de la production industrielle (base 100 en 2021) - Industrie chimique (NAF rév. 2, niveau division, poste 20)","SA-WDA industrial production index (base 100 in 2021) - Manufacture of chemicals and chemical products (NAF rev. 2, level Division, item 20)","2026-05-06","SO","0","FM","2",NA
2005-05-01,"2005-05",85.08,"A","DEF","A","010767783","M","Indice CVS-CJO de la production industrielle (base 100 en 2021) - Industrie chimique (NAF rév. 2, niveau division, poste 20)","SA-WDA industrial production index (base 100 in 2021) - Manufacture of chemicals and chemical products (NAF rev. 2, level Division, item 20)","2026-05-06","SO","0","FM","2",NA
2005-04-01,"2005-04",86.15,"A","DEF","A","010767783","M","Indice CVS-CJO de la production industrielle (base 100 en 2021) - Industrie chimique (NAF rév. 2, niveau division, poste 20)","SA-WDA industrial production index (base 100 in 2021) - Manufacture of chemicals and chemical products (NAF rev. 2, level Division, item 20)","2026-05-06","SO","0","FM","2",NA
2005-03-01,"2005-03",84.4,"A","DEF","A","010767783","M","Indice CVS-CJO de la production industrielle (base 100 en 2021) - Industrie chimique (NAF rév. 2, niveau division, poste 20)","SA-WDA industrial production index (base 100 in 2021) - Manufacture of chemicals and chemical products (NAF rev. 2, level Division, item 20)","2026-05-06","SO","0","FM","2","1"
2005-02-01,"2005-02",85.54,"A","DEF","A","010767783","M","Indice CVS-CJO de la production industrielle (base 100 en 2021) - Industrie chimique (NAF rév. 2, niveau division, poste 20)","SA-WDA industrial production index (base 100 in 2021) - Manufacture of chemicals and chemical products (NAF rev. 2, level Division, item 20)","2026-05-06","SO","0","FM","2","1"
2005-01-01,"2005-01",85.59,"A","DEF","A","010767783","M","Indice CVS-CJO de la production industrielle (base 100 en 2021) - Industrie chimique (NAF rév. 2, niveau division, poste 20)","SA-WDA industrial production index (base 100 in 2021) - Manufacture of chemicals and chemical products (NAF rev. 2, level Division, item 20)","2026-05-06","SO","0","FM","2",NA
2004-12-01,"2004-12",81.45,"A","DEF","A","010767783","M","Indice CVS-CJO de la production industrielle (base 100 en 2021) - Industrie chimique (NAF rév. 2, niveau division, poste 20)","SA-WDA industrial production index (base 100 in 2021) - Manufacture of chemicals and chemical products (NAF rev. 2, level Division, item 20)","2026-05-06","SO","0","FM","2",NA
2004-11-01,"2004-11",80.79,"A","DEF","A","010767783","M","Indice CVS-CJO de la production industrielle (base 100 en 2021) - Industrie chimique (NAF rév. 2, niveau division, poste 20)","SA-WDA industrial production index (base 100 in 2021) - Manufacture of chemicals and chemical products (NAF rev. 2, level Division, item 20)","2026-05-06","SO","0","FM","2",NA
2004-10-01,"2004-10",89.64,"A","DEF","A","010767783","M","Indice CVS-CJO de la production industrielle (base 100 en 2021) - Industrie chimique (NAF rév. 2, niveau division, poste 20)","SA-WDA industrial production index (base 100 in 2021) - Manufacture of chemicals and chemical products (NAF rev. 2, level Division, item 20)","2026-05-06","SO","0","FM","2","1"
2004-09-01,"2004-09",86.07,"A","DEF","A","010767783","M","Indice CVS-CJO de la production industrielle (base 100 en 2021) - Industrie chimique (NAF rév. 2, niveau division, poste 20)","SA-WDA industrial production index (base 100 in 2021) - Manufacture of chemicals and chemical products (NAF rev. 2, level Division, item 20)","2026-05-06","SO","0","FM","2","1"
2004-08-01,"2004-08",84.97,"A","DEF","A","010767783","M","Indice CVS-CJO de la production industrielle (base 100 en 2021) - Industrie chimique (NAF rév. 2, niveau division, poste 20)","SA-WDA industrial production index (base 100 in 2021) - Manufacture of chemicals and chemical products (NAF rev. 2, level Division, item 20)","2026-05-06","SO","0","FM","2","1"
2004-07-01,"2004-07",86.65,"A","DEF","A","010767783","M","Indice CVS-CJO de la production industrielle (base 100 en 2021) - Industrie chimique (NAF rév. 2, niveau division, poste 20)","SA-WDA industrial production index (base 100 in 2021) - Manufacture of chemicals and chemical products (NAF rev. 2, level Division, item 20)","2026-05-06","SO","0","FM","2",NA
2004-06-01,"2004-06",85.96,"A","DEF","A","010767783","M","Indice CVS-CJO de la production industrielle (base 100 en 2021) - Industrie chimique (NAF rév. 2, niveau division, poste 20)","SA-WDA industrial production index (base 100 in 2021) - Manufacture of chemicals and chemical products (NAF rev. 2, level Division, item 20)","2026-05-06","SO","0","FM","2",NA
2004-05-01,"2004-05",84.77,"A","DEF","A","010767783","M","Indice CVS-CJO de la production industrielle (base 100 en 2021) - Industrie chimique (NAF rév. 2, niveau division, poste 20)","SA-WDA industrial production index (base 100 in 2021) - Manufacture of chemicals and chemical products (NAF rev. 2, level Division, item 20)","2026-05-06","SO","0","FM","2",NA
2004-04-01,"2004-04",82.31,"A","DEF","A","010767783","M","Indice CVS-CJO de la production industrielle (base 100 en 2021) - Industrie chimique (NAF rév. 2, niveau division, poste 20)","SA-WDA industrial production index (base 100 in 2021) - Manufacture of chemicals and chemical products (NAF rev. 2, level Division, item 20)","2026-05-06","SO","0","FM","2",NA
2004-03-01,"2004-03",82.9,"A","DEF","A","010767783","M","Indice CVS-CJO de la production industrielle (base 100 en 2021) - Industrie chimique (NAF rév. 2, niveau division, poste 20)","SA-WDA industrial production index (base 100 in 2021) - Manufacture of chemicals and chemical products (NAF rev. 2, level Division, item 20)","2026-05-06","SO","0","FM","2",NA
2004-02-01,"2004-02",85.39,"A","DEF","A","010767783","M","Indice CVS-CJO de la production industrielle (base 100 en 2021) - Industrie chimique (NAF rév. 2, niveau division, poste 20)","SA-WDA industrial production index (base 100 in 2021) - Manufacture of chemicals and chemical products (NAF rev. 2, level Division, item 20)","2026-05-06","SO","0","FM","2","1"
2004-01-01,"2004-01",83.48,"A","DEF","A","010767783","M","Indice CVS-CJO de la production industrielle (base 100 en 2021) - Industrie chimique (NAF rév. 2, niveau division, poste 20)","SA-WDA industrial production index (base 100 in 2021) - Manufacture of chemicals and chemical products (NAF rev. 2, level Division, item 20)","2026-05-06","SO","0","FM","2",NA
2003-12-01,"2003-12",85.45,"A","DEF","A","010767783","M","Indice CVS-CJO de la production industrielle (base 100 en 2021) - Industrie chimique (NAF rév. 2, niveau division, poste 20)","SA-WDA industrial production index (base 100 in 2021) - Manufacture of chemicals and chemical products (NAF rev. 2, level Division, item 20)","2026-05-06","SO","0","FM","2",NA
2003-11-01,"2003-11",85.44,"A","DEF","A","010767783","M","Indice CVS-CJO de la production industrielle (base 100 en 2021) - Industrie chimique (NAF rév. 2, niveau division, poste 20)","SA-WDA industrial production index (base 100 in 2021) - Manufacture of chemicals and chemical products (NAF rev. 2, level Division, item 20)","2026-05-06","SO","0","FM","2",NA
2003-10-01,"2003-10",84.13,"A","DEF","A","010767783","M","Indice CVS-CJO de la production industrielle (base 100 en 2021) - Industrie chimique (NAF rév. 2, niveau division, poste 20)","SA-WDA industrial production index (base 100 in 2021) - Manufacture of chemicals and chemical products (NAF rev. 2, level Division, item 20)","2026-05-06","SO","0","FM","2",NA
2003-09-01,"2003-09",83.26,"A","DEF","A","010767783","M","Indice CVS-CJO de la production industrielle (base 100 en 2021) - Industrie chimique (NAF rév. 2, niveau division, poste 20)","SA-WDA industrial production index (base 100 in 2021) - Manufacture of chemicals and chemical products (NAF rev. 2, level Division, item 20)","2026-05-06","SO","0","FM","2",NA
2003-08-01,"2003-08",82.53,"A","DEF","A","010767783","M","Indice CVS-CJO de la production industrielle (base 100 en 2021) - Industrie chimique (NAF rév. 2, niveau division, poste 20)","SA-WDA industrial production index (base 100 in 2021) - Manufacture of chemicals and chemical products (NAF rev. 2, level Division, item 20)","2026-05-06","SO","0","FM","2",NA
2003-07-01,"2003-07",81.98,"A","DEF","A","010767783","M","Indice CVS-CJO de la production industrielle (base 100 en 2021) - Industrie chimique (NAF rév. 2, niveau division, poste 20)","SA-WDA industrial production index (base 100 in 2021) - Manufacture of chemicals and chemical products (NAF rev. 2, level Division, item 20)","2026-05-06","SO","0","FM","2",NA
2003-06-01,"2003-06",80.33,"A","DEF","A","010767783","M","Indice CVS-CJO de la production industrielle (base 100 en 2021) - Industrie chimique (NAF rév. 2, niveau division, poste 20)","SA-WDA industrial production index (base 100 in 2021) - Manufacture of chemicals and chemical products (NAF rev. 2, level Division, item 20)","2026-05-06","SO","0","FM","2",NA
2003-05-01,"2003-05",81.63,"A","DEF","A","010767783","M","Indice CVS-CJO de la production industrielle (base 100 en 2021) - Industrie chimique (NAF rév. 2, niveau division, poste 20)","SA-WDA industrial production index (base 100 in 2021) - Manufacture of chemicals and chemical products (NAF rev. 2, level Division, item 20)","2026-05-06","SO","0","FM","2",NA
2003-04-01,"2003-04",86.63,"A","DEF","A","010767783","M","Indice CVS-CJO de la production industrielle (base 100 en 2021) - Industrie chimique (NAF rév. 2, niveau division, poste 20)","SA-WDA industrial production index (base 100 in 2021) - Manufacture of chemicals and chemical products (NAF rev. 2, level Division, item 20)","2026-05-06","SO","0","FM","2",NA
2003-03-01,"2003-03",86.5,"A","DEF","A","010767783","M","Indice CVS-CJO de la production industrielle (base 100 en 2021) - Industrie chimique (NAF rév. 2, niveau division, poste 20)","SA-WDA industrial production index (base 100 in 2021) - Manufacture of chemicals and chemical products (NAF rev. 2, level Division, item 20)","2026-05-06","SO","0","FM","2",NA
2003-02-01,"2003-02",85.06,"A","DEF","A","010767783","M","Indice CVS-CJO de la production industrielle (base 100 en 2021) - Industrie chimique (NAF rév. 2, niveau division, poste 20)","SA-WDA industrial production index (base 100 in 2021) - Manufacture of chemicals and chemical products (NAF rev. 2, level Division, item 20)","2026-05-06","SO","0","FM","2","1"
2003-01-01,"2003-01",86.3,"A","DEF","A","010767783","M","Indice CVS-CJO de la production industrielle (base 100 en 2021) - Industrie chimique (NAF rév. 2, niveau division, poste 20)","SA-WDA industrial production index (base 100 in 2021) - Manufacture of chemicals and chemical products (NAF rev. 2, level Division, item 20)","2026-05-06","SO","0","FM","2",NA
2002-12-01,"2002-12",85.12,"A","DEF","A","010767783","M","Indice CVS-CJO de la production industrielle (base 100 en 2021) - Industrie chimique (NAF rév. 2, niveau division, poste 20)","SA-WDA industrial production index (base 100 in 2021) - Manufacture of chemicals and chemical products (NAF rev. 2, level Division, item 20)","2026-05-06","SO","0","FM","2","1"
2002-11-01,"2002-11",85.18,"A","DEF","A","010767783","M","Indice CVS-CJO de la production industrielle (base 100 en 2021) - Industrie chimique (NAF rév. 2, niveau division, poste 20)","SA-WDA industrial production index (base 100 in 2021) - Manufacture of chemicals and chemical products (NAF rev. 2, level Division, item 20)","2026-05-06","SO","0","FM","2",NA
2002-10-01,"2002-10",84.06,"A","DEF","A","010767783","M","Indice CVS-CJO de la production industrielle (base 100 en 2021) - Industrie chimique (NAF rév. 2, niveau division, poste 20)","SA-WDA industrial production index (base 100 in 2021) - Manufacture of chemicals and chemical products (NAF rev. 2, level Division, item 20)","2026-05-06","SO","0","FM","2",NA
2002-09-01,"2002-09",85.66,"A","DEF","A","010767783","M","Indice CVS-CJO de la production industrielle (base 100 en 2021) - Industrie chimique (NAF rév. 2, niveau division, poste 20)","SA-WDA industrial production index (base 100 in 2021) - Manufacture of chemicals and chemical products (NAF rev. 2, level Division, item 20)","2026-05-06","SO","0","FM","2","1"
2002-08-01,"2002-08",84.15,"A","DEF","A","010767783","M","Indice CVS-CJO de la production industrielle (base 100 en 2021) - Industrie chimique (NAF rév. 2, niveau division, poste 20)","SA-WDA industrial production index (base 100 in 2021) - Manufacture of chemicals and chemical products (NAF rev. 2, level Division, item 20)","2026-05-06","SO","0","FM","2","1"
2002-07-01,"2002-07",85.3,"A","DEF","A","010767783","M","Indice CVS-CJO de la production industrielle (base 100 en 2021) - Industrie chimique (NAF rév. 2, niveau division, poste 20)","SA-WDA industrial production index (base 100 in 2021) - Manufacture of chemicals and chemical products (NAF rev. 2, level Division, item 20)","2026-05-06","SO","0","FM","2",NA
2002-06-01,"2002-06",84.22,"A","DEF","A","010767783","M","Indice CVS-CJO de la production industrielle (base 100 en 2021) - Industrie chimique (NAF rév. 2, niveau division, poste 20)","SA-WDA industrial production index (base 100 in 2021) - Manufacture of chemicals and chemical products (NAF rev. 2, level Division, item 20)","2026-05-06","SO","0","FM","2","1"
2002-05-01,"2002-05",83.39,"A","DEF","A","010767783","M","Indice CVS-CJO de la production industrielle (base 100 en 2021) - Industrie chimique (NAF rév. 2, niveau division, poste 20)","SA-WDA industrial production index (base 100 in 2021) - Manufacture of chemicals and chemical products (NAF rev. 2, level Division, item 20)","2026-05-06","SO","0","FM","2","1"
2002-04-01,"2002-04",84.64,"A","DEF","A","010767783","M","Indice CVS-CJO de la production industrielle (base 100 en 2021) - Industrie chimique (NAF rév. 2, niveau division, poste 20)","SA-WDA industrial production index (base 100 in 2021) - Manufacture of chemicals and chemical products (NAF rev. 2, level Division, item 20)","2026-05-06","SO","0","FM","2","1"
2002-03-01,"2002-03",85.77,"A","DEF","A","010767783","M","Indice CVS-CJO de la production industrielle (base 100 en 2021) - Industrie chimique (NAF rév. 2, niveau division, poste 20)","SA-WDA industrial production index (base 100 in 2021) - Manufacture of chemicals and chemical products (NAF rev. 2, level Division, item 20)","2026-05-06","SO","0","FM","2","1"
2002-02-01,"2002-02",84.62,"A","DEF","A","010767783","M","Indice CVS-CJO de la production industrielle (base 100 en 2021) - Industrie chimique (NAF rév. 2, niveau division, poste 20)","SA-WDA industrial production index (base 100 in 2021) - Manufacture of chemicals and chemical products (NAF rev. 2, level Division, item 20)","2026-05-06","SO","0","FM","2",NA
2002-01-01,"2002-01",83.48,"A","DEF","A","010767783","M","Indice CVS-CJO de la production industrielle (base 100 en 2021) - Industrie chimique (NAF rév. 2, niveau division, poste 20)","SA-WDA industrial production index (base 100 in 2021) - Manufacture of chemicals and chemical products (NAF rev. 2, level Division, item 20)","2026-05-06","SO","0","FM","2",NA
2001-12-01,"2001-12",81.09,"A","DEF","A","010767783","M","Indice CVS-CJO de la production industrielle (base 100 en 2021) - Industrie chimique (NAF rév. 2, niveau division, poste 20)","SA-WDA industrial production index (base 100 in 2021) - Manufacture of chemicals and chemical products (NAF rev. 2, level Division, item 20)","2026-05-06","SO","0","FM","2",NA
2001-11-01,"2001-11",84.56,"A","DEF","A","010767783","M","Indice CVS-CJO de la production industrielle (base 100 en 2021) - Industrie chimique (NAF rév. 2, niveau division, poste 20)","SA-WDA industrial production index (base 100 in 2021) - Manufacture of chemicals and chemical products (NAF rev. 2, level Division, item 20)","2026-05-06","SO","0","FM","2",NA
2001-10-01,"2001-10",87.13,"A","DEF","A","010767783","M","Indice CVS-CJO de la production industrielle (base 100 en 2021) - Industrie chimique (NAF rév. 2, niveau division, poste 20)","SA-WDA industrial production index (base 100 in 2021) - Manufacture of chemicals and chemical products (NAF rev. 2, level Division, item 20)","2026-05-06","SO","0","FM","2","1"
2001-09-01,"2001-09",84.03,"A","DEF","A","010767783","M","Indice CVS-CJO de la production industrielle (base 100 en 2021) - Industrie chimique (NAF rév. 2, niveau division, poste 20)","SA-WDA industrial production index (base 100 in 2021) - Manufacture of chemicals and chemical products (NAF rev. 2, level Division, item 20)","2026-05-06","SO","0","FM","2",NA
2001-08-01,"2001-08",87.11,"A","DEF","A","010767783","M","Indice CVS-CJO de la production industrielle (base 100 en 2021) - Industrie chimique (NAF rév. 2, niveau division, poste 20)","SA-WDA industrial production index (base 100 in 2021) - Manufacture of chemicals and chemical products (NAF rev. 2, level Division, item 20)","2026-05-06","SO","0","FM","2","1"
2001-07-01,"2001-07",87.12,"A","DEF","A","010767783","M","Indice CVS-CJO de la production industrielle (base 100 en 2021) - Industrie chimique (NAF rév. 2, niveau division, poste 20)","SA-WDA industrial production index (base 100 in 2021) - Manufacture of chemicals and chemical products (NAF rev. 2, level Division, item 20)","2026-05-06","SO","0","FM","2",NA
2001-06-01,"2001-06",87.86,"A","DEF","A","010767783","M","Indice CVS-CJO de la production industrielle (base 100 en 2021) - Industrie chimique (NAF rév. 2, niveau division, poste 20)","SA-WDA industrial production index (base 100 in 2021) - Manufacture of chemicals and chemical products (NAF rev. 2, level Division, item 20)","2026-05-06","SO","0","FM","2",NA
2001-05-01,"2001-05",86.06,"A","DEF","A","010767783","M","Indice CVS-CJO de la production industrielle (base 100 en 2021) - Industrie chimique (NAF rév. 2, niveau division, poste 20)","SA-WDA industrial production index (base 100 in 2021) - Manufacture of chemicals and chemical products (NAF rev. 2, level Division, item 20)","2026-05-06","SO","0","FM","2",NA
2001-04-01,"2001-04",83.75,"A","DEF","A","010767783","M","Indice CVS-CJO de la production industrielle (base 100 en 2021) - Industrie chimique (NAF rév. 2, niveau division, poste 20)","SA-WDA industrial production index (base 100 in 2021) - Manufacture of chemicals and chemical products (NAF rev. 2, level Division, item 20)","2026-05-06","SO","0","FM","2",NA
2001-03-01,"2001-03",86.18,"A","DEF","A","010767783","M","Indice CVS-CJO de la production industrielle (base 100 en 2021) - Industrie chimique (NAF rév. 2, niveau division, poste 20)","SA-WDA industrial production index (base 100 in 2021) - Manufacture of chemicals and chemical products (NAF rev. 2, level Division, item 20)","2026-05-06","SO","0","FM","2",NA
2001-02-01,"2001-02",88.63,"A","DEF","A","010767783","M","Indice CVS-CJO de la production industrielle (base 100 en 2021) - Industrie chimique (NAF rév. 2, niveau division, poste 20)","SA-WDA industrial production index (base 100 in 2021) - Manufacture of chemicals and chemical products (NAF rev. 2, level Division, item 20)","2026-05-06","SO","0","FM","2",NA
2001-01-01,"2001-01",88.4,"A","DEF","A","010767783","M","Indice CVS-CJO de la production industrielle (base 100 en 2021) - Industrie chimique (NAF rév. 2, niveau division, poste 20)","SA-WDA industrial production index (base 100 in 2021) - Manufacture of chemicals and chemical products (NAF rev. 2, level Division, item 20)","2026-05-06","SO","0","FM","2",NA
2000-12-01,"2000-12",89.78,"A","DEF","A","010767783","M","Indice CVS-CJO de la production industrielle (base 100 en 2021) - Industrie chimique (NAF rév. 2, niveau division, poste 20)","SA-WDA industrial production index (base 100 in 2021) - Manufacture of chemicals and chemical products (NAF rev. 2, level Division, item 20)","2026-05-06","SO","0","FM","2",NA
2000-11-01,"2000-11",89.44,"A","DEF","A","010767783","M","Indice CVS-CJO de la production industrielle (base 100 en 2021) - Industrie chimique (NAF rév. 2, niveau division, poste 20)","SA-WDA industrial production index (base 100 in 2021) - Manufacture of chemicals and chemical products (NAF rev. 2, level Division, item 20)","2026-05-06","SO","0","FM","2",NA
2000-10-01,"2000-10",88.79,"A","DEF","A","010767783","M","Indice CVS-CJO de la production industrielle (base 100 en 2021) - Industrie chimique (NAF rév. 2, niveau division, poste 20)","SA-WDA industrial production index (base 100 in 2021) - Manufacture of chemicals and chemical products (NAF rev. 2, level Division, item 20)","2026-05-06","SO","0","FM","2",NA
2000-09-01,"2000-09",86.55,"A","DEF","A","010767783","M","Indice CVS-CJO de la production industrielle (base 100 en 2021) - Industrie chimique (NAF rév. 2, niveau division, poste 20)","SA-WDA industrial production index (base 100 in 2021) - Manufacture of chemicals and chemical products (NAF rev. 2, level Division, item 20)","2026-05-06","SO","0","FM","2",NA
2000-08-01,"2000-08",87.52,"A","DEF","A","010767783","M","Indice CVS-CJO de la production industrielle (base 100 en 2021) - Industrie chimique (NAF rév. 2, niveau division, poste 20)","SA-WDA industrial production index (base 100 in 2021) - Manufacture of chemicals and chemical products (NAF rev. 2, level Division, item 20)","2026-05-06","SO","0","FM","2",NA
2000-07-01,"2000-07",87.48,"A","DEF","A","010767783","M","Indice CVS-CJO de la production industrielle (base 100 en 2021) - Industrie chimique (NAF rév. 2, niveau division, poste 20)","SA-WDA industrial production index (base 100 in 2021) - Manufacture of chemicals and chemical products (NAF rev. 2, level Division, item 20)","2026-05-06","SO","0","FM","2",NA
2000-06-01,"2000-06",87.68,"A","DEF","A","010767783","M","Indice CVS-CJO de la production industrielle (base 100 en 2021) - Industrie chimique (NAF rév. 2, niveau division, poste 20)","SA-WDA industrial production index (base 100 in 2021) - Manufacture of chemicals and chemical products (NAF rev. 2, level Division, item 20)","2026-05-06","SO","0","FM","2",NA
2000-05-01,"2000-05",86.52,"A","DEF","A","010767783","M","Indice CVS-CJO de la production industrielle (base 100 en 2021) - Industrie chimique (NAF rév. 2, niveau division, poste 20)","SA-WDA industrial production index (base 100 in 2021) - Manufacture of chemicals and chemical products (NAF rev. 2, level Division, item 20)","2026-05-06","SO","0","FM","2",NA
2000-04-01,"2000-04",87.43,"A","DEF","A","010767783","M","Indice CVS-CJO de la production industrielle (base 100 en 2021) - Industrie chimique (NAF rév. 2, niveau division, poste 20)","SA-WDA industrial production index (base 100 in 2021) - Manufacture of chemicals and chemical products (NAF rev. 2, level Division, item 20)","2026-05-06","SO","0","FM","2",NA
2000-03-01,"2000-03",87.21,"A","DEF","A","010767783","M","Indice CVS-CJO de la production industrielle (base 100 en 2021) - Industrie chimique (NAF rév. 2, niveau division, poste 20)","SA-WDA industrial production index (base 100 in 2021) - Manufacture of chemicals and chemical products (NAF rev. 2, level Division, item 20)","2026-05-06","SO","0","FM","2","1"
2000-02-01,"2000-02",87.17,"A","DEF","A","010767783","M","Indice CVS-CJO de la production industrielle (base 100 en 2021) - Industrie chimique (NAF rév. 2, niveau division, poste 20)","SA-WDA industrial production index (base 100 in 2021) - Manufacture of chemicals and chemical products (NAF rev. 2, level Division, item 20)","2026-05-06","SO","0","FM","2","1"
2000-01-01,"2000-01",86.44,"A","DEF","A","010767783","M","Indice CVS-CJO de la production industrielle (base 100 en 2021) - Industrie chimique (NAF rév. 2, niveau division, poste 20)","SA-WDA industrial production index (base 100 in 2021) - Manufacture of chemicals and chemical products (NAF rev. 2, level Division, item 20)","2026-05-06","SO","0","FM","2","1"
1999-12-01,"1999-12",87.15,"A","DEF","A","010767783","M","Indice CVS-CJO de la production industrielle (base 100 en 2021) - Industrie chimique (NAF rév. 2, niveau division, poste 20)","SA-WDA industrial production index (base 100 in 2021) - Manufacture of chemicals and chemical products (NAF rev. 2, level Division, item 20)","2026-05-06","SO","0","FM","2",NA
1999-11-01,"1999-11",89.08,"A","DEF","A","010767783","M","Indice CVS-CJO de la production industrielle (base 100 en 2021) - Industrie chimique (NAF rév. 2, niveau division, poste 20)","SA-WDA industrial production index (base 100 in 2021) - Manufacture of chemicals and chemical products (NAF rev. 2, level Division, item 20)","2026-05-06","SO","0","FM","2",NA
1999-10-01,"1999-10",87.54,"A","DEF","A","010767783","M","Indice CVS-CJO de la production industrielle (base 100 en 2021) - Industrie chimique (NAF rév. 2, niveau division, poste 20)","SA-WDA industrial production index (base 100 in 2021) - Manufacture of chemicals and chemical products (NAF rev. 2, level Division, item 20)","2026-05-06","SO","0","FM","2",NA
1999-09-01,"1999-09",85.59,"A","DEF","A","010767783","M","Indice CVS-CJO de la production industrielle (base 100 en 2021) - Industrie chimique (NAF rév. 2, niveau division, poste 20)","SA-WDA industrial production index (base 100 in 2021) - Manufacture of chemicals and chemical products (NAF rev. 2, level Division, item 20)","2026-05-06","SO","0","FM","2",NA
1999-08-01,"1999-08",85.79,"A","DEF","A","010767783","M","Indice CVS-CJO de la production industrielle (base 100 en 2021) - Industrie chimique (NAF rév. 2, niveau division, poste 20)","SA-WDA industrial production index (base 100 in 2021) - Manufacture of chemicals and chemical products (NAF rev. 2, level Division, item 20)","2026-05-06","SO","0","FM","2",NA
1999-07-01,"1999-07",84.24,"A","DEF","A","010767783","M","Indice CVS-CJO de la production industrielle (base 100 en 2021) - Industrie chimique (NAF rév. 2, niveau division, poste 20)","SA-WDA industrial production index (base 100 in 2021) - Manufacture of chemicals and chemical products (NAF rev. 2, level Division, item 20)","2026-05-06","SO","0","FM","2",NA
1999-06-01,"1999-06",84.52,"A","DEF","A","010767783","M","Indice CVS-CJO de la production industrielle (base 100 en 2021) - Industrie chimique (NAF rév. 2, niveau division, poste 20)","SA-WDA industrial production index (base 100 in 2021) - Manufacture of chemicals and chemical products (NAF rev. 2, level Division, item 20)","2026-05-06","SO","0","FM","2","1"
1999-05-01,"1999-05",83.59,"A","DEF","A","010767783","M","Indice CVS-CJO de la production industrielle (base 100 en 2021) - Industrie chimique (NAF rév. 2, niveau division, poste 20)","SA-WDA industrial production index (base 100 in 2021) - Manufacture of chemicals and chemical products (NAF rev. 2, level Division, item 20)","2026-05-06","SO","0","FM","2",NA
1999-04-01,"1999-04",84.06,"A","DEF","A","010767783","M","Indice CVS-CJO de la production industrielle (base 100 en 2021) - Industrie chimique (NAF rév. 2, niveau division, poste 20)","SA-WDA industrial production index (base 100 in 2021) - Manufacture of chemicals and chemical products (NAF rev. 2, level Division, item 20)","2026-05-06","SO","0","FM","2",NA
1999-03-01,"1999-03",83.48,"A","DEF","A","010767783","M","Indice CVS-CJO de la production industrielle (base 100 en 2021) - Industrie chimique (NAF rév. 2, niveau division, poste 20)","SA-WDA industrial production index (base 100 in 2021) - Manufacture of chemicals and chemical products (NAF rev. 2, level Division, item 20)","2026-05-06","SO","0","FM","2","1"
1999-02-01,"1999-02",78.84,"A","DEF","A","010767783","M","Indice CVS-CJO de la production industrielle (base 100 en 2021) - Industrie chimique (NAF rév. 2, niveau division, poste 20)","SA-WDA industrial production index (base 100 in 2021) - Manufacture of chemicals and chemical products (NAF rev. 2, level Division, item 20)","2026-05-06","SO","0","FM","2",NA
1999-01-01,"1999-01",82.28,"A","DEF","A","010767783","M","Indice CVS-CJO de la production industrielle (base 100 en 2021) - Industrie chimique (NAF rév. 2, niveau division, poste 20)","SA-WDA industrial production index (base 100 in 2021) - Manufacture of chemicals and chemical products (NAF rev. 2, level Division, item 20)","2026-05-06","SO","0","FM","2",NA
1998-12-01,"1998-12",83.59,"A","DEF","A","010767783","M","Indice CVS-CJO de la production industrielle (base 100 en 2021) - Industrie chimique (NAF rév. 2, niveau division, poste 20)","SA-WDA industrial production index (base 100 in 2021) - Manufacture of chemicals and chemical products (NAF rev. 2, level Division, item 20)","2026-05-06","SO","0","FM","2","1"
1998-11-01,"1998-11",83.97,"A","DEF","A","010767783","M","Indice CVS-CJO de la production industrielle (base 100 en 2021) - Industrie chimique (NAF rév. 2, niveau division, poste 20)","SA-WDA industrial production index (base 100 in 2021) - Manufacture of chemicals and chemical products (NAF rev. 2, level Division, item 20)","2026-05-06","SO","0","FM","2",NA
1998-10-01,"1998-10",82.52,"A","DEF","A","010767783","M","Indice CVS-CJO de la production industrielle (base 100 en 2021) - Industrie chimique (NAF rév. 2, niveau division, poste 20)","SA-WDA industrial production index (base 100 in 2021) - Manufacture of chemicals and chemical products (NAF rev. 2, level Division, item 20)","2026-05-06","SO","0","FM","2",NA
1998-09-01,"1998-09",83.23,"A","DEF","A","010767783","M","Indice CVS-CJO de la production industrielle (base 100 en 2021) - Industrie chimique (NAF rév. 2, niveau division, poste 20)","SA-WDA industrial production index (base 100 in 2021) - Manufacture of chemicals and chemical products (NAF rev. 2, level Division, item 20)","2026-05-06","SO","0","FM","2",NA
1998-08-01,"1998-08",83.63,"A","DEF","A","010767783","M","Indice CVS-CJO de la production industrielle (base 100 en 2021) - Industrie chimique (NAF rév. 2, niveau division, poste 20)","SA-WDA industrial production index (base 100 in 2021) - Manufacture of chemicals and chemical products (NAF rev. 2, level Division, item 20)","2026-05-06","SO","0","FM","2",NA
1998-07-01,"1998-07",85.28,"A","DEF","A","010767783","M","Indice CVS-CJO de la production industrielle (base 100 en 2021) - Industrie chimique (NAF rév. 2, niveau division, poste 20)","SA-WDA industrial production index (base 100 in 2021) - Manufacture of chemicals and chemical products (NAF rev. 2, level Division, item 20)","2026-05-06","SO","0","FM","2",NA
1998-06-01,"1998-06",84.34,"A","DEF","A","010767783","M","Indice CVS-CJO de la production industrielle (base 100 en 2021) - Industrie chimique (NAF rév. 2, niveau division, poste 20)","SA-WDA industrial production index (base 100 in 2021) - Manufacture of chemicals and chemical products (NAF rev. 2, level Division, item 20)","2026-05-06","SO","0","FM","2",NA
1998-05-01,"1998-05",86.24,"A","DEF","A","010767783","M","Indice CVS-CJO de la production industrielle (base 100 en 2021) - Industrie chimique (NAF rév. 2, niveau division, poste 20)","SA-WDA industrial production index (base 100 in 2021) - Manufacture of chemicals and chemical products (NAF rev. 2, level Division, item 20)","2026-05-06","SO","0","FM","2",NA
1998-04-01,"1998-04",81.82,"A","DEF","A","010767783","M","Indice CVS-CJO de la production industrielle (base 100 en 2021) - Industrie chimique (NAF rév. 2, niveau division, poste 20)","SA-WDA industrial production index (base 100 in 2021) - Manufacture of chemicals and chemical products (NAF rev. 2, level Division, item 20)","2026-05-06","SO","0","FM","2",NA
1998-03-01,"1998-03",82.28,"A","DEF","A","010767783","M","Indice CVS-CJO de la production industrielle (base 100 en 2021) - Industrie chimique (NAF rév. 2, niveau division, poste 20)","SA-WDA industrial production index (base 100 in 2021) - Manufacture of chemicals and chemical products (NAF rev. 2, level Division, item 20)","2026-05-06","SO","0","FM","2","1"
1998-02-01,"1998-02",84.32,"A","DEF","A","010767783","M","Indice CVS-CJO de la production industrielle (base 100 en 2021) - Industrie chimique (NAF rév. 2, niveau division, poste 20)","SA-WDA industrial production index (base 100 in 2021) - Manufacture of chemicals and chemical products (NAF rev. 2, level Division, item 20)","2026-05-06","SO","0","FM","2",NA
1998-01-01,"1998-01",85.21,"A","DEF","A","010767783","M","Indice CVS-CJO de la production industrielle (base 100 en 2021) - Industrie chimique (NAF rév. 2, niveau division, poste 20)","SA-WDA industrial production index (base 100 in 2021) - Manufacture of chemicals and chemical products (NAF rev. 2, level Division, item 20)","2026-05-06","SO","0","FM","2",NA
1997-12-01,"1997-12",86.31,"A","DEF","A","010767783","M","Indice CVS-CJO de la production industrielle (base 100 en 2021) - Industrie chimique (NAF rév. 2, niveau division, poste 20)","SA-WDA industrial production index (base 100 in 2021) - Manufacture of chemicals and chemical products (NAF rev. 2, level Division, item 20)","2026-05-06","SO","0","FM","2","1"
1997-11-01,"1997-11",82.85,"A","DEF","A","010767783","M","Indice CVS-CJO de la production industrielle (base 100 en 2021) - Industrie chimique (NAF rév. 2, niveau division, poste 20)","SA-WDA industrial production index (base 100 in 2021) - Manufacture of chemicals and chemical products (NAF rev. 2, level Division, item 20)","2026-05-06","SO","0","FM","2","1"
1997-10-01,"1997-10",87.84,"A","DEF","A","010767783","M","Indice CVS-CJO de la production industrielle (base 100 en 2021) - Industrie chimique (NAF rév. 2, niveau division, poste 20)","SA-WDA industrial production index (base 100 in 2021) - Manufacture of chemicals and chemical products (NAF rev. 2, level Division, item 20)","2026-05-06","SO","0","FM","2","1"
1997-09-01,"1997-09",83.36,"A","DEF","A","010767783","M","Indice CVS-CJO de la production industrielle (base 100 en 2021) - Industrie chimique (NAF rév. 2, niveau division, poste 20)","SA-WDA industrial production index (base 100 in 2021) - Manufacture of chemicals and chemical products (NAF rev. 2, level Division, item 20)","2026-05-06","SO","0","FM","2",NA
1997-08-01,"1997-08",83.73,"A","DEF","A","010767783","M","Indice CVS-CJO de la production industrielle (base 100 en 2021) - Industrie chimique (NAF rév. 2, niveau division, poste 20)","SA-WDA industrial production index (base 100 in 2021) - Manufacture of chemicals and chemical products (NAF rev. 2, level Division, item 20)","2026-05-06","SO","0","FM","2","1"
1997-07-01,"1997-07",81.83,"A","DEF","A","010767783","M","Indice CVS-CJO de la production industrielle (base 100 en 2021) - Industrie chimique (NAF rév. 2, niveau division, poste 20)","SA-WDA industrial production index (base 100 in 2021) - Manufacture of chemicals and chemical products (NAF rev. 2, level Division, item 20)","2026-05-06","SO","0","FM","2",NA
1997-06-01,"1997-06",79.78,"A","DEF","A","010767783","M","Indice CVS-CJO de la production industrielle (base 100 en 2021) - Industrie chimique (NAF rév. 2, niveau division, poste 20)","SA-WDA industrial production index (base 100 in 2021) - Manufacture of chemicals and chemical products (NAF rev. 2, level Division, item 20)","2026-05-06","SO","0","FM","2",NA
1997-05-01,"1997-05",80.23,"A","DEF","A","010767783","M","Indice CVS-CJO de la production industrielle (base 100 en 2021) - Industrie chimique (NAF rév. 2, niveau division, poste 20)","SA-WDA industrial production index (base 100 in 2021) - Manufacture of chemicals and chemical products (NAF rev. 2, level Division, item 20)","2026-05-06","SO","0","FM","2",NA
1997-04-01,"1997-04",82.99,"A","DEF","A","010767783","M","Indice CVS-CJO de la production industrielle (base 100 en 2021) - Industrie chimique (NAF rév. 2, niveau division, poste 20)","SA-WDA industrial production index (base 100 in 2021) - Manufacture of chemicals and chemical products (NAF rev. 2, level Division, item 20)","2026-05-06","SO","0","FM","2",NA
1997-03-01,"1997-03",81.76,"A","DEF","A","010767783","M","Indice CVS-CJO de la production industrielle (base 100 en 2021) - Industrie chimique (NAF rév. 2, niveau division, poste 20)","SA-WDA industrial production index (base 100 in 2021) - Manufacture of chemicals and chemical products (NAF rev. 2, level Division, item 20)","2026-05-06","SO","0","FM","2",NA
1997-02-01,"1997-02",81.1,"A","DEF","A","010767783","M","Indice CVS-CJO de la production industrielle (base 100 en 2021) - Industrie chimique (NAF rév. 2, niveau division, poste 20)","SA-WDA industrial production index (base 100 in 2021) - Manufacture of chemicals and chemical products (NAF rev. 2, level Division, item 20)","2026-05-06","SO","0","FM","2",NA
1997-01-01,"1997-01",78.04,"A","DEF","A","010767783","M","Indice CVS-CJO de la production industrielle (base 100 en 2021) - Industrie chimique (NAF rév. 2, niveau division, poste 20)","SA-WDA industrial production index (base 100 in 2021) - Manufacture of chemicals and chemical products (NAF rev. 2, level Division, item 20)","2026-05-06","SO","0","FM","2","1"
1996-12-01,"1996-12",77.25,"A","DEF","A","010767783","M","Indice CVS-CJO de la production industrielle (base 100 en 2021) - Industrie chimique (NAF rév. 2, niveau division, poste 20)","SA-WDA industrial production index (base 100 in 2021) - Manufacture of chemicals and chemical products (NAF rev. 2, level Division, item 20)","2026-05-06","SO","0","FM","2","1"
1996-11-01,"1996-11",76.4,"A","DEF","A","010767783","M","Indice CVS-CJO de la production industrielle (base 100 en 2021) - Industrie chimique (NAF rév. 2, niveau division, poste 20)","SA-WDA industrial production index (base 100 in 2021) - Manufacture of chemicals and chemical products (NAF rev. 2, level Division, item 20)","2026-05-06","SO","0","FM","2",NA
1996-10-01,"1996-10",77.52,"A","DEF","A","010767783","M","Indice CVS-CJO de la production industrielle (base 100 en 2021) - Industrie chimique (NAF rév. 2, niveau division, poste 20)","SA-WDA industrial production index (base 100 in 2021) - Manufacture of chemicals and chemical products (NAF rev. 2, level Division, item 20)","2026-05-06","SO","0","FM","2",NA
1996-09-01,"1996-09",78.28,"A","DEF","A","010767783","M","Indice CVS-CJO de la production industrielle (base 100 en 2021) - Industrie chimique (NAF rév. 2, niveau division, poste 20)","SA-WDA industrial production index (base 100 in 2021) - Manufacture of chemicals and chemical products (NAF rev. 2, level Division, item 20)","2026-05-06","SO","0","FM","2","1"
1996-08-01,"1996-08",76.36,"A","DEF","A","010767783","M","Indice CVS-CJO de la production industrielle (base 100 en 2021) - Industrie chimique (NAF rév. 2, niveau division, poste 20)","SA-WDA industrial production index (base 100 in 2021) - Manufacture of chemicals and chemical products (NAF rev. 2, level Division, item 20)","2026-05-06","SO","0","FM","2","1"
1996-07-01,"1996-07",75.78,"A","DEF","A","010767783","M","Indice CVS-CJO de la production industrielle (base 100 en 2021) - Industrie chimique (NAF rév. 2, niveau division, poste 20)","SA-WDA industrial production index (base 100 in 2021) - Manufacture of chemicals and chemical products (NAF rev. 2, level Division, item 20)","2026-05-06","SO","0","FM","2",NA
1996-06-01,"1996-06",77.79,"A","DEF","A","010767783","M","Indice CVS-CJO de la production industrielle (base 100 en 2021) - Industrie chimique (NAF rév. 2, niveau division, poste 20)","SA-WDA industrial production index (base 100 in 2021) - Manufacture of chemicals and chemical products (NAF rev. 2, level Division, item 20)","2026-05-06","SO","0","FM","2","1"
1996-05-01,"1996-05",77.07,"A","DEF","A","010767783","M","Indice CVS-CJO de la production industrielle (base 100 en 2021) - Industrie chimique (NAF rév. 2, niveau division, poste 20)","SA-WDA industrial production index (base 100 in 2021) - Manufacture of chemicals and chemical products (NAF rev. 2, level Division, item 20)","2026-05-06","SO","0","FM","2","1"
1996-04-01,"1996-04",74.12,"A","DEF","A","010767783","M","Indice CVS-CJO de la production industrielle (base 100 en 2021) - Industrie chimique (NAF rév. 2, niveau division, poste 20)","SA-WDA industrial production index (base 100 in 2021) - Manufacture of chemicals and chemical products (NAF rev. 2, level Division, item 20)","2026-05-06","SO","0","FM","2",NA
1996-03-01,"1996-03",75.23,"A","DEF","A","010767783","M","Indice CVS-CJO de la production industrielle (base 100 en 2021) - Industrie chimique (NAF rév. 2, niveau division, poste 20)","SA-WDA industrial production index (base 100 in 2021) - Manufacture of chemicals and chemical products (NAF rev. 2, level Division, item 20)","2026-05-06","SO","0","FM","2","1"
1996-02-01,"1996-02",76.81,"A","DEF","A","010767783","M","Indice CVS-CJO de la production industrielle (base 100 en 2021) - Industrie chimique (NAF rév. 2, niveau division, poste 20)","SA-WDA industrial production index (base 100 in 2021) - Manufacture of chemicals and chemical products (NAF rev. 2, level Division, item 20)","2026-05-06","SO","0","FM","2",NA
1996-01-01,"1996-01",76.74,"A","DEF","A","010767783","M","Indice CVS-CJO de la production industrielle (base 100 en 2021) - Industrie chimique (NAF rév. 2, niveau division, poste 20)","SA-WDA industrial production index (base 100 in 2021) - Manufacture of chemicals and chemical products (NAF rev. 2, level Division, item 20)","2026-05-06","SO","0","FM","2",NA
1995-12-01,"1995-12",71.44,"A","DEF","A","010767783","M","Indice CVS-CJO de la production industrielle (base 100 en 2021) - Industrie chimique (NAF rév. 2, niveau division, poste 20)","SA-WDA industrial production index (base 100 in 2021) - Manufacture of chemicals and chemical products (NAF rev. 2, level Division, item 20)","2026-05-06","SO","0","FM","2",NA
1995-11-01,"1995-11",71.12,"A","DEF","A","010767783","M","Indice CVS-CJO de la production industrielle (base 100 en 2021) - Industrie chimique (NAF rév. 2, niveau division, poste 20)","SA-WDA industrial production index (base 100 in 2021) - Manufacture of chemicals and chemical products (NAF rev. 2, level Division, item 20)","2026-05-06","SO","0","FM","2",NA
1995-10-01,"1995-10",72.29,"A","DEF","A","010767783","M","Indice CVS-CJO de la production industrielle (base 100 en 2021) - Industrie chimique (NAF rév. 2, niveau division, poste 20)","SA-WDA industrial production index (base 100 in 2021) - Manufacture of chemicals and chemical products (NAF rev. 2, level Division, item 20)","2026-05-06","SO","0","FM","2",NA
1995-09-01,"1995-09",75,"A","DEF","A","010767783","M","Indice CVS-CJO de la production industrielle (base 100 en 2021) - Industrie chimique (NAF rév. 2, niveau division, poste 20)","SA-WDA industrial production index (base 100 in 2021) - Manufacture of chemicals and chemical products (NAF rev. 2, level Division, item 20)","2026-05-06","SO","0","FM","2","1"
1995-08-01,"1995-08",74.87,"A","DEF","A","010767783","M","Indice CVS-CJO de la production industrielle (base 100 en 2021) - Industrie chimique (NAF rév. 2, niveau division, poste 20)","SA-WDA industrial production index (base 100 in 2021) - Manufacture of chemicals and chemical products (NAF rev. 2, level Division, item 20)","2026-05-06","SO","0","FM","2",NA
1995-07-01,"1995-07",75.27,"A","DEF","A","010767783","M","Indice CVS-CJO de la production industrielle (base 100 en 2021) - Industrie chimique (NAF rév. 2, niveau division, poste 20)","SA-WDA industrial production index (base 100 in 2021) - Manufacture of chemicals and chemical products (NAF rev. 2, level Division, item 20)","2026-05-06","SO","0","FM","2",NA
1995-06-01,"1995-06",75.95,"A","DEF","A","010767783","M","Indice CVS-CJO de la production industrielle (base 100 en 2021) - Industrie chimique (NAF rév. 2, niveau division, poste 20)","SA-WDA industrial production index (base 100 in 2021) - Manufacture of chemicals and chemical products (NAF rev. 2, level Division, item 20)","2026-05-06","SO","0","FM","2",NA
1995-05-01,"1995-05",75.19,"A","DEF","A","010767783","M","Indice CVS-CJO de la production industrielle (base 100 en 2021) - Industrie chimique (NAF rév. 2, niveau division, poste 20)","SA-WDA industrial production index (base 100 in 2021) - Manufacture of chemicals and chemical products (NAF rev. 2, level Division, item 20)","2026-05-06","SO","0","FM","2",NA
1995-04-01,"1995-04",75.73,"A","DEF","A","010767783","M","Indice CVS-CJO de la production industrielle (base 100 en 2021) - Industrie chimique (NAF rév. 2, niveau division, poste 20)","SA-WDA industrial production index (base 100 in 2021) - Manufacture of chemicals and chemical products (NAF rev. 2, level Division, item 20)","2026-05-06","SO","0","FM","2","1"
1995-03-01,"1995-03",77,"A","DEF","A","010767783","M","Indice CVS-CJO de la production industrielle (base 100 en 2021) - Industrie chimique (NAF rév. 2, niveau division, poste 20)","SA-WDA industrial production index (base 100 in 2021) - Manufacture of chemicals and chemical products (NAF rev. 2, level Division, item 20)","2026-05-06","SO","0","FM","2","1"
1995-02-01,"1995-02",74.12,"A","DEF","A","010767783","M","Indice CVS-CJO de la production industrielle (base 100 en 2021) - Industrie chimique (NAF rév. 2, niveau division, poste 20)","SA-WDA industrial production index (base 100 in 2021) - Manufacture of chemicals and chemical products (NAF rev. 2, level Division, item 20)","2026-05-06","SO","0","FM","2",NA
1995-01-01,"1995-01",76.63,"A","DEF","A","010767783","M","Indice CVS-CJO de la production industrielle (base 100 en 2021) - Industrie chimique (NAF rév. 2, niveau division, poste 20)","SA-WDA industrial production index (base 100 in 2021) - Manufacture of chemicals and chemical products (NAF rev. 2, level Division, item 20)","2026-05-06","SO","0","FM","2",NA
1994-12-01,"1994-12",77.33,"A","DEF","A","010767783","M","Indice CVS-CJO de la production industrielle (base 100 en 2021) - Industrie chimique (NAF rév. 2, niveau division, poste 20)","SA-WDA industrial production index (base 100 in 2021) - Manufacture of chemicals and chemical products (NAF rev. 2, level Division, item 20)","2026-05-06","SO","0","FM","2",NA
1994-11-01,"1994-11",78.46,"A","DEF","A","010767783","M","Indice CVS-CJO de la production industrielle (base 100 en 2021) - Industrie chimique (NAF rév. 2, niveau division, poste 20)","SA-WDA industrial production index (base 100 in 2021) - Manufacture of chemicals and chemical products (NAF rev. 2, level Division, item 20)","2026-05-06","SO","0","FM","2","1"
1994-10-01,"1994-10",76.87,"A","DEF","A","010767783","M","Indice CVS-CJO de la production industrielle (base 100 en 2021) - Industrie chimique (NAF rév. 2, niveau division, poste 20)","SA-WDA industrial production index (base 100 in 2021) - Manufacture of chemicals and chemical products (NAF rev. 2, level Division, item 20)","2026-05-06","SO","0","FM","2","1"
1994-09-01,"1994-09",75.16,"A","DEF","A","010767783","M","Indice CVS-CJO de la production industrielle (base 100 en 2021) - Industrie chimique (NAF rév. 2, niveau division, poste 20)","SA-WDA industrial production index (base 100 in 2021) - Manufacture of chemicals and chemical products (NAF rev. 2, level Division, item 20)","2026-05-06","SO","0","FM","2",NA
1994-08-01,"1994-08",76.81,"A","DEF","A","010767783","M","Indice CVS-CJO de la production industrielle (base 100 en 2021) - Industrie chimique (NAF rév. 2, niveau division, poste 20)","SA-WDA industrial production index (base 100 in 2021) - Manufacture of chemicals and chemical products (NAF rev. 2, level Division, item 20)","2026-05-06","SO","0","FM","2",NA
1994-07-01,"1994-07",73.66,"A","DEF","A","010767783","M","Indice CVS-CJO de la production industrielle (base 100 en 2021) - Industrie chimique (NAF rév. 2, niveau division, poste 20)","SA-WDA industrial production index (base 100 in 2021) - Manufacture of chemicals and chemical products (NAF rev. 2, level Division, item 20)","2026-05-06","SO","0","FM","2",NA
1994-06-01,"1994-06",70.61,"A","DEF","A","010767783","M","Indice CVS-CJO de la production industrielle (base 100 en 2021) - Industrie chimique (NAF rév. 2, niveau division, poste 20)","SA-WDA industrial production index (base 100 in 2021) - Manufacture of chemicals and chemical products (NAF rev. 2, level Division, item 20)","2026-05-06","SO","0","FM","2",NA
1994-05-01,"1994-05",75.84,"A","DEF","A","010767783","M","Indice CVS-CJO de la production industrielle (base 100 en 2021) - Industrie chimique (NAF rév. 2, niveau division, poste 20)","SA-WDA industrial production index (base 100 in 2021) - Manufacture of chemicals and chemical products (NAF rev. 2, level Division, item 20)","2026-05-06","SO","0","FM","2",NA
1994-04-01,"1994-04",75.49,"A","DEF","A","010767783","M","Indice CVS-CJO de la production industrielle (base 100 en 2021) - Industrie chimique (NAF rév. 2, niveau division, poste 20)","SA-WDA industrial production index (base 100 in 2021) - Manufacture of chemicals and chemical products (NAF rev. 2, level Division, item 20)","2026-05-06","SO","0","FM","2",NA
1994-03-01,"1994-03",73.8,"A","DEF","A","010767783","M","Indice CVS-CJO de la production industrielle (base 100 en 2021) - Industrie chimique (NAF rév. 2, niveau division, poste 20)","SA-WDA industrial production index (base 100 in 2021) - Manufacture of chemicals and chemical products (NAF rev. 2, level Division, item 20)","2026-05-06","SO","0","FM","2",NA
1994-02-01,"1994-02",72.92,"A","DEF","A","010767783","M","Indice CVS-CJO de la production industrielle (base 100 en 2021) - Industrie chimique (NAF rév. 2, niveau division, poste 20)","SA-WDA industrial production index (base 100 in 2021) - Manufacture of chemicals and chemical products (NAF rev. 2, level Division, item 20)","2026-05-06","SO","0","FM","2",NA
1994-01-01,"1994-01",72.03,"A","DEF","A","010767783","M","Indice CVS-CJO de la production industrielle (base 100 en 2021) - Industrie chimique (NAF rév. 2, niveau division, poste 20)","SA-WDA industrial production index (base 100 in 2021) - Manufacture of chemicals and chemical products (NAF rev. 2, level Division, item 20)","2026-05-06","SO","0","FM","2",NA
1993-12-01,"1993-12",71.28,"A","DEF","A","010767783","M","Indice CVS-CJO de la production industrielle (base 100 en 2021) - Industrie chimique (NAF rév. 2, niveau division, poste 20)","SA-WDA industrial production index (base 100 in 2021) - Manufacture of chemicals and chemical products (NAF rev. 2, level Division, item 20)","2026-05-06","SO","0","FM","2",NA
1993-11-01,"1993-11",72.67,"A","DEF","A","010767783","M","Indice CVS-CJO de la production industrielle (base 100 en 2021) - Industrie chimique (NAF rév. 2, niveau division, poste 20)","SA-WDA industrial production index (base 100 in 2021) - Manufacture of chemicals and chemical products (NAF rev. 2, level Division, item 20)","2026-05-06","SO","0","FM","2",NA
1993-10-01,"1993-10",70.54,"A","DEF","A","010767783","M","Indice CVS-CJO de la production industrielle (base 100 en 2021) - Industrie chimique (NAF rév. 2, niveau division, poste 20)","SA-WDA industrial production index (base 100 in 2021) - Manufacture of chemicals and chemical products (NAF rev. 2, level Division, item 20)","2026-05-06","SO","0","FM","2",NA
1993-09-01,"1993-09",68.87,"A","DEF","A","010767783","M","Indice CVS-CJO de la production industrielle (base 100 en 2021) - Industrie chimique (NAF rév. 2, niveau division, poste 20)","SA-WDA industrial production index (base 100 in 2021) - Manufacture of chemicals and chemical products (NAF rev. 2, level Division, item 20)","2026-05-06","SO","0","FM","2",NA
1993-08-01,"1993-08",67.57,"A","DEF","A","010767783","M","Indice CVS-CJO de la production industrielle (base 100 en 2021) - Industrie chimique (NAF rév. 2, niveau division, poste 20)","SA-WDA industrial production index (base 100 in 2021) - Manufacture of chemicals and chemical products (NAF rev. 2, level Division, item 20)","2026-05-06","SO","0","FM","2","1"
1993-07-01,"1993-07",70.09,"A","DEF","A","010767783","M","Indice CVS-CJO de la production industrielle (base 100 en 2021) - Industrie chimique (NAF rév. 2, niveau division, poste 20)","SA-WDA industrial production index (base 100 in 2021) - Manufacture of chemicals and chemical products (NAF rev. 2, level Division, item 20)","2026-05-06","SO","0","FM","2",NA
1993-06-01,"1993-06",69.58,"A","DEF","A","010767783","M","Indice CVS-CJO de la production industrielle (base 100 en 2021) - Industrie chimique (NAF rév. 2, niveau division, poste 20)","SA-WDA industrial production index (base 100 in 2021) - Manufacture of chemicals and chemical products (NAF rev. 2, level Division, item 20)","2026-05-06","SO","0","FM","2","1"
1993-05-01,"1993-05",68.88,"A","DEF","A","010767783","M","Indice CVS-CJO de la production industrielle (base 100 en 2021) - Industrie chimique (NAF rév. 2, niveau division, poste 20)","SA-WDA industrial production index (base 100 in 2021) - Manufacture of chemicals and chemical products (NAF rev. 2, level Division, item 20)","2026-05-06","SO","0","FM","2",NA
1993-04-01,"1993-04",70.23,"A","DEF","A","010767783","M","Indice CVS-CJO de la production industrielle (base 100 en 2021) - Industrie chimique (NAF rév. 2, niveau division, poste 20)","SA-WDA industrial production index (base 100 in 2021) - Manufacture of chemicals and chemical products (NAF rev. 2, level Division, item 20)","2026-05-06","SO","0","FM","2",NA
1993-03-01,"1993-03",68.44,"A","DEF","A","010767783","M","Indice CVS-CJO de la production industrielle (base 100 en 2021) - Industrie chimique (NAF rév. 2, niveau division, poste 20)","SA-WDA industrial production index (base 100 in 2021) - Manufacture of chemicals and chemical products (NAF rev. 2, level Division, item 20)","2026-05-06","SO","0","FM","2",NA
1993-02-01,"1993-02",70.44,"A","DEF","A","010767783","M","Indice CVS-CJO de la production industrielle (base 100 en 2021) - Industrie chimique (NAF rév. 2, niveau division, poste 20)","SA-WDA industrial production index (base 100 in 2021) - Manufacture of chemicals and chemical products (NAF rev. 2, level Division, item 20)","2026-05-06","SO","0","FM","2","1"
1993-01-01,"1993-01",68.09,"A","DEF","A","010767783","M","Indice CVS-CJO de la production industrielle (base 100 en 2021) - Industrie chimique (NAF rév. 2, niveau division, poste 20)","SA-WDA industrial production index (base 100 in 2021) - Manufacture of chemicals and chemical products (NAF rev. 2, level Division, item 20)","2026-05-06","SO","0","FM","2",NA
1992-12-01,"1992-12",68.11,"A","DEF","A","010767783","M","Indice CVS-CJO de la production industrielle (base 100 en 2021) - Industrie chimique (NAF rév. 2, niveau division, poste 20)","SA-WDA industrial production index (base 100 in 2021) - Manufacture of chemicals and chemical products (NAF rev. 2, level Division, item 20)","2026-05-06","SO","0","FM","2",NA
1992-11-01,"1992-11",69.48,"A","DEF","A","010767783","M","Indice CVS-CJO de la production industrielle (base 100 en 2021) - Industrie chimique (NAF rév. 2, niveau division, poste 20)","SA-WDA industrial production index (base 100 in 2021) - Manufacture of chemicals and chemical products (NAF rev. 2, level Division, item 20)","2026-05-06","SO","0","FM","2","1"
1992-10-01,"1992-10",70.01,"A","DEF","A","010767783","M","Indice CVS-CJO de la production industrielle (base 100 en 2021) - Industrie chimique (NAF rév. 2, niveau division, poste 20)","SA-WDA industrial production index (base 100 in 2021) - Manufacture of chemicals and chemical products (NAF rev. 2, level Division, item 20)","2026-05-06","SO","0","FM","2",NA
1992-09-01,"1992-09",70.6,"A","DEF","A","010767783","M","Indice CVS-CJO de la production industrielle (base 100 en 2021) - Industrie chimique (NAF rév. 2, niveau division, poste 20)","SA-WDA industrial production index (base 100 in 2021) - Manufacture of chemicals and chemical products (NAF rev. 2, level Division, item 20)","2026-05-06","SO","0","FM","2","1"
1992-08-01,"1992-08",69.93,"A","DEF","A","010767783","M","Indice CVS-CJO de la production industrielle (base 100 en 2021) - Industrie chimique (NAF rév. 2, niveau division, poste 20)","SA-WDA industrial production index (base 100 in 2021) - Manufacture of chemicals and chemical products (NAF rev. 2, level Division, item 20)","2026-05-06","SO","0","FM","2",NA
1992-07-01,"1992-07",70.55,"A","DEF","A","010767783","M","Indice CVS-CJO de la production industrielle (base 100 en 2021) - Industrie chimique (NAF rév. 2, niveau division, poste 20)","SA-WDA industrial production index (base 100 in 2021) - Manufacture of chemicals and chemical products (NAF rev. 2, level Division, item 20)","2026-05-06","SO","0","FM","2",NA
1992-06-01,"1992-06",71.57,"A","DEF","A","010767783","M","Indice CVS-CJO de la production industrielle (base 100 en 2021) - Industrie chimique (NAF rév. 2, niveau division, poste 20)","SA-WDA industrial production index (base 100 in 2021) - Manufacture of chemicals and chemical products (NAF rev. 2, level Division, item 20)","2026-05-06","SO","0","FM","2",NA
1992-05-01,"1992-05",68.39,"A","DEF","A","010767783","M","Indice CVS-CJO de la production industrielle (base 100 en 2021) - Industrie chimique (NAF rév. 2, niveau division, poste 20)","SA-WDA industrial production index (base 100 in 2021) - Manufacture of chemicals and chemical products (NAF rev. 2, level Division, item 20)","2026-05-06","SO","0","FM","2",NA
1992-04-01,"1992-04",68.81,"A","DEF","A","010767783","M","Indice CVS-CJO de la production industrielle (base 100 en 2021) - Industrie chimique (NAF rév. 2, niveau division, poste 20)","SA-WDA industrial production index (base 100 in 2021) - Manufacture of chemicals and chemical products (NAF rev. 2, level Division, item 20)","2026-05-06","SO","0","FM","2",NA
1992-03-01,"1992-03",69.47,"A","DEF","A","010767783","M","Indice CVS-CJO de la production industrielle (base 100 en 2021) - Industrie chimique (NAF rév. 2, niveau division, poste 20)","SA-WDA industrial production index (base 100 in 2021) - Manufacture of chemicals and chemical products (NAF rev. 2, level Division, item 20)","2026-05-06","SO","0","FM","2",NA
1992-02-01,"1992-02",69.85,"A","DEF","A","010767783","M","Indice CVS-CJO de la production industrielle (base 100 en 2021) - Industrie chimique (NAF rév. 2, niveau division, poste 20)","SA-WDA industrial production index (base 100 in 2021) - Manufacture of chemicals and chemical products (NAF rev. 2, level Division, item 20)","2026-05-06","SO","0","FM","2","1"
1992-01-01,"1992-01",69.56,"A","DEF","A","010767783","M","Indice CVS-CJO de la production industrielle (base 100 en 2021) - Industrie chimique (NAF rév. 2, niveau division, poste 20)","SA-WDA industrial production index (base 100 in 2021) - Manufacture of chemicals and chemical products (NAF rev. 2, level Division, item 20)","2026-05-06","SO","0","FM","2",NA
1991-12-01,"1991-12",70.17,"A","DEF","A","010767783","M","Indice CVS-CJO de la production industrielle (base 100 en 2021) - Industrie chimique (NAF rév. 2, niveau division, poste 20)","SA-WDA industrial production index (base 100 in 2021) - Manufacture of chemicals and chemical products (NAF rev. 2, level Division, item 20)","2026-05-06","SO","0","FM","2","1"
1991-11-01,"1991-11",68.77,"A","DEF","A","010767783","M","Indice CVS-CJO de la production industrielle (base 100 en 2021) - Industrie chimique (NAF rév. 2, niveau division, poste 20)","SA-WDA industrial production index (base 100 in 2021) - Manufacture of chemicals and chemical products (NAF rev. 2, level Division, item 20)","2026-05-06","SO","0","FM","2","1"
1991-10-01,"1991-10",68.46,"A","DEF","A","010767783","M","Indice CVS-CJO de la production industrielle (base 100 en 2021) - Industrie chimique (NAF rév. 2, niveau division, poste 20)","SA-WDA industrial production index (base 100 in 2021) - Manufacture of chemicals and chemical products (NAF rev. 2, level Division, item 20)","2026-05-06","SO","0","FM","2",NA
1991-09-01,"1991-09",70.38,"A","DEF","A","010767783","M","Indice CVS-CJO de la production industrielle (base 100 en 2021) - Industrie chimique (NAF rév. 2, niveau division, poste 20)","SA-WDA industrial production index (base 100 in 2021) - Manufacture of chemicals and chemical products (NAF rev. 2, level Division, item 20)","2026-05-06","SO","0","FM","2",NA
1991-08-01,"1991-08",66.69,"A","DEF","A","010767783","M","Indice CVS-CJO de la production industrielle (base 100 en 2021) - Industrie chimique (NAF rév. 2, niveau division, poste 20)","SA-WDA industrial production index (base 100 in 2021) - Manufacture of chemicals and chemical products (NAF rev. 2, level Division, item 20)","2026-05-06","SO","0","FM","2",NA
1991-07-01,"1991-07",66.71,"A","DEF","A","010767783","M","Indice CVS-CJO de la production industrielle (base 100 en 2021) - Industrie chimique (NAF rév. 2, niveau division, poste 20)","SA-WDA industrial production index (base 100 in 2021) - Manufacture of chemicals and chemical products (NAF rev. 2, level Division, item 20)","2026-05-06","SO","0","FM","2",NA
1991-06-01,"1991-06",67.65,"A","DEF","A","010767783","M","Indice CVS-CJO de la production industrielle (base 100 en 2021) - Industrie chimique (NAF rév. 2, niveau division, poste 20)","SA-WDA industrial production index (base 100 in 2021) - Manufacture of chemicals and chemical products (NAF rev. 2, level Division, item 20)","2026-05-06","SO","0","FM","2",NA
1991-05-01,"1991-05",64.63,"A","DEF","A","010767783","M","Indice CVS-CJO de la production industrielle (base 100 en 2021) - Industrie chimique (NAF rév. 2, niveau division, poste 20)","SA-WDA industrial production index (base 100 in 2021) - Manufacture of chemicals and chemical products (NAF rev. 2, level Division, item 20)","2026-05-06","SO","0","FM","2",NA
1991-04-01,"1991-04",63.88,"A","DEF","A","010767783","M","Indice CVS-CJO de la production industrielle (base 100 en 2021) - Industrie chimique (NAF rév. 2, niveau division, poste 20)","SA-WDA industrial production index (base 100 in 2021) - Manufacture of chemicals and chemical products (NAF rev. 2, level Division, item 20)","2026-05-06","SO","0","FM","2","1"
1991-03-01,"1991-03",67.39,"A","DEF","A","010767783","M","Indice CVS-CJO de la production industrielle (base 100 en 2021) - Industrie chimique (NAF rév. 2, niveau division, poste 20)","SA-WDA industrial production index (base 100 in 2021) - Manufacture of chemicals and chemical products (NAF rev. 2, level Division, item 20)","2026-05-06","SO","0","FM","2",NA
1991-02-01,"1991-02",66.51,"A","DEF","A","010767783","M","Indice CVS-CJO de la production industrielle (base 100 en 2021) - Industrie chimique (NAF rév. 2, niveau division, poste 20)","SA-WDA industrial production index (base 100 in 2021) - Manufacture of chemicals and chemical products (NAF rev. 2, level Division, item 20)","2026-05-06","SO","0","FM","2",NA
1991-01-01,"1991-01",67.54,"A","DEF","A","010767783","M","Indice CVS-CJO de la production industrielle (base 100 en 2021) - Industrie chimique (NAF rév. 2, niveau division, poste 20)","SA-WDA industrial production index (base 100 in 2021) - Manufacture of chemicals and chemical products (NAF rev. 2, level Division, item 20)","2026-05-06","SO","0","FM","2",NA
1990-12-01,"1990-12",63.66,"A","DEF","A","010767783","M","Indice CVS-CJO de la production industrielle (base 100 en 2021) - Industrie chimique (NAF rév. 2, niveau division, poste 20)","SA-WDA industrial production index (base 100 in 2021) - Manufacture of chemicals and chemical products (NAF rev. 2, level Division, item 20)","2026-05-06","SO","0","FM","2",NA
1990-11-01,"1990-11",67.01,"A","DEF","A","010767783","M","Indice CVS-CJO de la production industrielle (base 100 en 2021) - Industrie chimique (NAF rév. 2, niveau division, poste 20)","SA-WDA industrial production index (base 100 in 2021) - Manufacture of chemicals and chemical products (NAF rev. 2, level Division, item 20)","2026-05-06","SO","0","FM","2",NA
1990-10-01,"1990-10",67.19,"A","DEF","A","010767783","M","Indice CVS-CJO de la production industrielle (base 100 en 2021) - Industrie chimique (NAF rév. 2, niveau division, poste 20)","SA-WDA industrial production index (base 100 in 2021) - Manufacture of chemicals and chemical products (NAF rev. 2, level Division, item 20)","2026-05-06","SO","0","FM","2",NA
1990-09-01,"1990-09",66.43,"A","DEF","A","010767783","M","Indice CVS-CJO de la production industrielle (base 100 en 2021) - Industrie chimique (NAF rév. 2, niveau division, poste 20)","SA-WDA industrial production index (base 100 in 2021) - Manufacture of chemicals and chemical products (NAF rev. 2, level Division, item 20)","2026-05-06","SO","0","FM","2",NA
1990-08-01,"1990-08",65.36,"A","DEF","A","010767783","M","Indice CVS-CJO de la production industrielle (base 100 en 2021) - Industrie chimique (NAF rév. 2, niveau division, poste 20)","SA-WDA industrial production index (base 100 in 2021) - Manufacture of chemicals and chemical products (NAF rev. 2, level Division, item 20)","2026-05-06","SO","0","FM","2",NA
1990-07-01,"1990-07",65.61,"A","DEF","A","010767783","M","Indice CVS-CJO de la production industrielle (base 100 en 2021) - Industrie chimique (NAF rév. 2, niveau division, poste 20)","SA-WDA industrial production index (base 100 in 2021) - Manufacture of chemicals and chemical products (NAF rev. 2, level Division, item 20)","2026-05-06","SO","0","FM","2",NA
1990-06-01,"1990-06",64.87,"A","DEF","A","010767783","M","Indice CVS-CJO de la production industrielle (base 100 en 2021) - Industrie chimique (NAF rév. 2, niveau division, poste 20)","SA-WDA industrial production index (base 100 in 2021) - Manufacture of chemicals and chemical products (NAF rev. 2, level Division, item 20)","2026-05-06","SO","0","FM","2",NA
1990-05-01,"1990-05",65.92,"A","DEF","A","010767783","M","Indice CVS-CJO de la production industrielle (base 100 en 2021) - Industrie chimique (NAF rév. 2, niveau division, poste 20)","SA-WDA industrial production index (base 100 in 2021) - Manufacture of chemicals and chemical products (NAF rev. 2, level Division, item 20)","2026-05-06","SO","0","FM","2",NA
1990-04-01,"1990-04",65.84,"A","DEF","A","010767783","M","Indice CVS-CJO de la production industrielle (base 100 en 2021) - Industrie chimique (NAF rév. 2, niveau division, poste 20)","SA-WDA industrial production index (base 100 in 2021) - Manufacture of chemicals and chemical products (NAF rev. 2, level Division, item 20)","2026-05-06","SO","0","FM","2",NA
1990-03-01,"1990-03",67.39,"A","DEF","A","010767783","M","Indice CVS-CJO de la production industrielle (base 100 en 2021) - Industrie chimique (NAF rév. 2, niveau division, poste 20)","SA-WDA industrial production index (base 100 in 2021) - Manufacture of chemicals and chemical products (NAF rev. 2, level Division, item 20)","2026-05-06","SO","0","FM","2",NA
1990-02-01,"1990-02",67.46,"A","DEF","A","010767783","M","Indice CVS-CJO de la production industrielle (base 100 en 2021) - Industrie chimique (NAF rév. 2, niveau division, poste 20)","SA-WDA industrial production index (base 100 in 2021) - Manufacture of chemicals and chemical products (NAF rev. 2, level Division, item 20)","2026-05-06","SO","0","FM","2","1"
1990-01-01,"1990-01",67.74,"A","DEF","A","010767783","M","Indice CVS-CJO de la production industrielle (base 100 en 2021) - Industrie chimique (NAF rév. 2, niveau division, poste 20)","SA-WDA industrial production index (base 100 in 2021) - Manufacture of chemicals and chemical products (NAF rev. 2, level Division, item 20)","2026-05-06","SO","0","FM","2",NA
